site_id,site_name_short,water_body,date,type,do_mg,sal,tss,n_total,p_po4,p_total
1229,Central,Port Phillip  Bay,1984-07-19,surface,8.3,40.0,4.3,200.0,60.0,76.0
1911,Corio,Port Phillip  Bay,1984-07-19,surface,7.9,39.0,3.4,200.0,77.0,91.0
1991,Hobsons Bay,Port Phillip  Bay,1984-07-19,surface,7.9,40.0,5.1,380.0,62.0,78.0
1229,Central,Port Phillip  Bay,1984-08-06,surface,8.8,38.0,2.8,160.0,54.0,68.0
1911,Corio,Port Phillip  Bay,1984-08-06,surface,8.4,38.0,4.5,280.0,86.0,110.0
1991,Hobsons Bay,Port Phillip  Bay,1984-08-06,surface,8.8,38.0,3.9,230.0,71.0,86.0
1229,Central,Port Phillip  Bay,1984-08-15,surface,7.9,39.0,3.4,220.0,56.0,67.0
1911,Corio,Port Phillip  Bay,1984-08-15,surface,8.1,39.0,4.3,200.0,73.0,90.0
1991,Hobsons Bay,Port Phillip  Bay,1984-08-15,surface,7.3,38.0,6.8,550.0,140.0,160.0
1229,Central,Port Phillip  Bay,1984-08-30,surface,8.2,38.0,2.4,,53.0,63.0
1911,Corio,Port Phillip  Bay,1984-08-30,surface,8.1,39.0,3.1,,73.0,85.0
1991,Hobsons Bay,Port Phillip  Bay,1984-08-30,surface,7.9,38.0,3.4,160.0,60.0,71.0
1229,Central,Port Phillip  Bay,1984-09-13,surface,7.9,38.0,3.2,,58.0,76.0
1911,Corio,Port Phillip  Bay,1984-09-13,surface,7.8,39.0,3.2,300.0,72.0,87.0
1991,Hobsons Bay,Port Phillip  Bay,1984-09-13,surface,7.7,38.0,2.5,180.0,63.0,85.0
1229,Central,Port Phillip  Bay,1984-11-20,surface,7.5,37.0,2.8,170.0,48.0,67.0
1911,Corio,Port Phillip  Bay,1984-11-20,surface,6.9,38.0,3.4,240.0,69.0,94.0
1991,Hobsons Bay,Port Phillip  Bay,1984-11-20,surface,7.1,38.0,3.0,270.0,82.0,120.0
1229,Central,Port Phillip  Bay,1984-12-10,surface,7.0,38.0,2.6,160.0,57.0,77.0
1911,Corio,Port Phillip  Bay,1984-12-10,surface,6.7,40.0,4.4,220.0,70.0,91.0
1991,Hobsons Bay,Port Phillip  Bay,1984-12-10,surface,6.5,38.0,5.3,260.0,74.0,110.0
1229,Central,Port Phillip  Bay,1985-01-23,surface,6.6,38.0,11.0,190.0,58.0,73.0
1911,Corio,Port Phillip  Bay,1985-01-23,surface,6.8,40.0,19.0,190.0,66.0,86.0
1991,Hobsons Bay,Port Phillip  Bay,1985-01-23,surface,6.7,38.0,6.9,200.0,66.0,85.0
1229,Central,Port Phillip  Bay,1985-02-06,surface,6.8,34.0,2.8,140.0,58.0,65.0
1911,Corio,Port Phillip  Bay,1985-02-06,surface,6.8,35.0,4.8,190.0,70.0,89.0
1991,Hobsons Bay,Port Phillip  Bay,1985-02-06,surface,6.8,35.0,4.0,210.0,91.0,110.0
1229,Central,Port Phillip  Bay,1985-02-20,surface,7.3,33.0,9.6,150.0,50.0,61.0
1911,Corio,Port Phillip  Bay,1985-02-20,surface,7.2,34.0,13.0,190.0,69.0,86.0
1991,Hobsons Bay,Port Phillip  Bay,1985-02-20,surface,6.9,33.0,15.0,160.0,64.0,80.0
1229,Central,Port Phillip  Bay,1985-03-06,surface,6.5,35.0,15.0,180.0,58.0,76.0
1911,Corio,Port Phillip  Bay,1985-03-06,surface,6.0,35.0,13.0,210.0,73.0,96.0
1991,Hobsons Bay,Port Phillip  Bay,1985-03-06,surface,6.3,34.0,15.0,230.0,82.0,100.0
1229,Central,Port Phillip  Bay,1985-03-21,surface,6.1,38.0,11.0,160.0,54.0,68.0
1911,Corio,Port Phillip  Bay,1985-03-21,surface,5.7,38.0,15.0,240.0,70.0,96.0
1991,Hobsons Bay,Port Phillip  Bay,1985-03-21,surface,6.7,39.0,14.0,220.0,74.0,96.0
1229,Central,Port Phillip  Bay,1985-05-01,surface,6.1,35.0,18.0,180.0,57.0,74.0
1991,Hobsons Bay,Port Phillip  Bay,1985-05-01,surface,6.2,33.0,14.0,180.0,65.0,84.0
1229,Central,Port Phillip  Bay,1985-05-15,surface,7.0,34.0,11.0,160.0,62.0,77.0
1911,Corio,Port Phillip  Bay,1985-05-15,surface,7.2,34.0,22.0,230.0,80.0,100.0
1229,Central,Port Phillip  Bay,1985-05-30,surface,7.5,35.0,2.9,170.0,61.0,77.0
1911,Corio,Port Phillip  Bay,1985-05-30,surface,6.9,35.0,1.7,200.0,83.0,97.0
1991,Hobsons Bay,Port Phillip  Bay,1985-05-30,surface,7.3,34.0,2.2,190.0,73.0,89.0
1229,Central,Port Phillip  Bay,1985-06-27,surface,8.1,34.0,14.0,,59.0,69.0
1911,Corio,Port Phillip  Bay,1985-06-27,surface,8.0,33.0,21.0,210.0,86.0,100.0
1991,Hobsons Bay,Port Phillip  Bay,1985-06-27,surface,7.9,34.0,14.0,190.0,57.0,71.0
1229,Central,Port Phillip  Bay,1985-07-09,surface,7.6,34.0,13.0,150.0,62.0,75.0
1911,Corio,Port Phillip  Bay,1985-07-09,surface,7.5,34.0,14.0,,82.0,100.0
1991,Hobsons Bay,Port Phillip  Bay,1985-07-09,surface,7.7,34.0,13.0,160.0,64.0,85.0
1229,Central,Port Phillip  Bay,1985-08-27,surface,9.4,34.0,13.0,140.0,41.0,64.0
1911,Corio,Port Phillip  Bay,1985-08-27,surface,9.6,34.0,13.0,190.0,84.0,100.0
1991,Hobsons Bay,Port Phillip  Bay,1985-08-27,surface,9.3,34.0,17.0,160.0,59.0,79.0
1229,Central,Port Phillip  Bay,1985-09-16,surface,8.9,30.0,11.0,160.0,55.0,67.0
1911,Corio,Port Phillip  Bay,1985-09-16,surface,8.7,31.0,17.0,220.0,84.0,100.0
1991,Hobsons Bay,Port Phillip  Bay,1985-09-16,surface,9.0,31.0,13.0,200.0,67.0,83.0
1229,Central,Port Phillip  Bay,1985-10-02,surface,9.2,30.0,18.0,140.0,53.0,110.0
1911,Corio,Port Phillip  Bay,1985-10-02,surface,9.0,29.0,16.0,170.0,76.0,150.0
1991,Hobsons Bay,Port Phillip  Bay,1985-10-02,surface,9.2,30.0,19.0,170.0,66.0,130.0
1229,Central,Port Phillip  Bay,1985-10-16,surface,8.2,31.0,11.0,140.0,52.0,100.0
1911,Corio,Port Phillip  Bay,1985-10-16,surface,7.9,33.0,19.0,190.0,75.0,98.0
1991,Hobsons Bay,Port Phillip  Bay,1985-10-16,surface,7.9,32.0,14.0,200.0,69.0,96.0
1229,Central,Port Phillip  Bay,1986-01-08,surface,7.3,34.0,12.0,190.0,62.0,81.0
1991,Hobsons Bay,Port Phillip  Bay,1986-01-08,surface,7.4,30.0,14.0,310.0,85.0,120.0
1229,Central,Port Phillip  Bay,1986-02-03,surface,7.3,30.0,11.0,170.0,60.0,78.0
1911,Corio,Port Phillip  Bay,1986-02-03,surface,7.2,31.0,12.0,230.0,79.0,120.0
1991,Hobsons Bay,Port Phillip  Bay,1986-02-03,surface,7.3,31.0,12.0,180.0,62.0,82.0
1229,Central,Port Phillip  Bay,1986-02-10,surface,7.0,28.0,12.0,190.0,58.0,89.0
1911,Corio,Port Phillip  Bay,1986-02-10,surface,7.0,28.0,14.0,270.0,78.0,110.0
1991,Hobsons Bay,Port Phillip  Bay,1986-02-10,surface,7.1,29.0,14.0,200.0,76.0,110.0
1229,Central,Port Phillip  Bay,1986-03-03,surface,7.0,32.0,3.2,210.0,63.0,91.0
1911,Corio,Port Phillip  Bay,1986-03-03,surface,6.9,33.0,2.5,250.0,78.0,110.0
1991,Hobsons Bay,Port Phillip  Bay,1986-03-03,surface,6.9,32.0,3.0,230.0,83.0,120.0
1229,Central,Port Phillip  Bay,1986-03-20,surface,7.4,36.0,12.0,150.0,64.0,71.0
1911,Corio,Port Phillip  Bay,1986-03-20,surface,7.3,30.0,13.0,200.0,82.0,91.0
1991,Hobsons Bay,Port Phillip  Bay,1986-03-20,surface,7.4,29.0,12.0,190.0,72.0,83.0
1911,Corio,Port Phillip  Bay,1986-04-07,surface,6.9,30.0,16.0,180.0,89.0,99.0
1991,Hobsons Bay,Port Phillip  Bay,1986-04-07,surface,7.1,28.0,21.0,200.0,82.0,84.0
1911,Corio,Port Phillip  Bay,1986-04-23,surface,7.6,34.0,11.0,210.0,91.0,100.0
1229,Central,Port Phillip  Bay,1986-04-28,surface,7.7,36.0,14.0,150.0,52.0,75.0
1911,Corio,Port Phillip  Bay,1986-04-30,surface,8.0,33.0,16.0,220.0,86.0,94.0
1991,Hobsons Bay,Port Phillip  Bay,1986-04-30,surface,8.1,33.0,18.0,190.0,76.0,95.0
1229,Central,Port Phillip  Bay,1986-05-14,surface,7.3,33.0,2.4,170.0,61.0,70.0
1911,Corio,Port Phillip  Bay,1986-05-14,surface,7.8,34.0,2.5,220.0,93.0,93.0
1991,Hobsons Bay,Port Phillip  Bay,1986-05-14,surface,7.6,34.0,2.4,180.0,69.0,85.0
1229,Central,Port Phillip  Bay,1986-06-12,surface,7.7,35.0,20.0,140.0,57.0,65.0
1911,Corio,Port Phillip  Bay,1986-06-12,surface,8.2,34.0,16.0,210.0,84.0,91.0
1991,Hobsons Bay,Port Phillip  Bay,1986-06-12,surface,8.2,33.0,19.0,220.0,62.0,88.0
1229,Central,Port Phillip  Bay,1986-08-04,surface,9.3,36.0,5.0,180.0,61.0,74.0
1911,Corio,Port Phillip  Bay,1986-08-04,surface,8.8,36.0,3.1,210.0,84.0,97.0
1991,Hobsons Bay,Port Phillip  Bay,1986-08-04,surface,9.2,35.0,3.7,180.0,61.0,72.0
1229,Central,Port Phillip  Bay,1986-08-25,surface,9.6,36.0,11.0,160.0,51.0,63.0
1911,Corio,Port Phillip  Bay,1986-08-25,surface,9.1,36.0,2.9,220.0,86.0,93.0
1991,Hobsons Bay,Port Phillip  Bay,1986-08-25,surface,9.2,35.0,13.0,180.0,59.0,72.0
1229,Central,Port Phillip  Bay,1986-09-23,surface,8.4,36.0,7.9,140.0,120.0,140.0
1911,Corio,Port Phillip  Bay,1986-09-23,surface,8.1,36.0,12.0,190.0,190.0,220.0
1991,Hobsons Bay,Port Phillip  Bay,1986-09-23,surface,8.6,35.0,11.0,150.0,140.0,160.0
1229,Central,Port Phillip  Bay,1986-11-25,surface,7.8,36.0,9.4,180.0,55.0,64.0
1911,Corio,Port Phillip  Bay,1986-11-25,surface,7.7,36.0,10.0,240.0,92.0,120.0
1991,Hobsons Bay,Port Phillip  Bay,1986-11-25,surface,7.6,34.0,14.0,220.0,60.0,87.0
1229,Central,Port Phillip  Bay,1987-03-17,surface,7.9,36.0,2.6,190.0,65.0,91.0
1911,Corio,Port Phillip  Bay,1987-03-17,surface,8.3,37.0,2.9,230.0,83.0,100.0
1991,Hobsons Bay,Port Phillip  Bay,1987-03-17,surface,7.8,36.0,3.1,200.0,73.0,97.0
1229,Central,Port Phillip  Bay,1987-06-24,surface,8.6,35.0,2.3,160.0,63.0,72.0
1911,Corio,Port Phillip  Bay,1987-06-24,surface,,,,,0.0,0.0
1991,Hobsons Bay,Port Phillip  Bay,1987-06-24,surface,8.5,34.0,3.2,210.0,70.0,77.0
1229,Central,Port Phillip  Bay,1987-07-23,surface,9.2,,13.0,200.0,66.0,81.0
1991,Hobsons Bay,Port Phillip  Bay,1987-07-23,surface,9.6,10.0,17.0,240.0,84.0,83.0
1229,Central,Port Phillip  Bay,1987-08-12,surface,11.0,34.0,3.6,210.0,70.0,88.0
1991,Hobsons Bay,Port Phillip  Bay,1987-08-12,surface,10.0,21.0,9.8,850.0,62.0,88.0
1229,Central,Port Phillip  Bay,1987-10-14,surface,8.1,34.0,4.0,700.0,69.0,83.0
1991,Hobsons Bay,Port Phillip  Bay,1987-10-14,surface,8.5,35.0,4.4,420.0,120.0,150.0
1229,Central,Port Phillip  Bay,1987-10-27,surface,8.5,34.0,4.2,500.0,66.0,87.0
1991,Hobsons Bay,Port Phillip  Bay,1987-10-27,surface,8.2,35.0,7.0,260.0,76.0,76.0
1229,Central,Port Phillip  Bay,1988-06-16,surface,8.9,34.0,,,76.0,83.0
1911,Corio,Port Phillip  Bay,1988-06-16,surface,8.4,34.0,,,120.0,120.0
1991,Hobsons Bay,Port Phillip  Bay,1988-06-16,surface,8.7,34.0,,,79.0,90.0
1229,Central,Port Phillip  Bay,1988-08-22,surface,9.1,35.0,,160.0,65.0,78.0
1911,Corio,Port Phillip  Bay,1988-08-22,surface,8.9,35.0,,220.0,100.0,120.0
1991,Hobsons Bay,Port Phillip  Bay,1988-08-22,surface,9.2,34.0,,200.0,68.0,77.0
1229,Central,Port Phillip  Bay,1988-09-21,surface,8.4,35.0,,160.0,62.0,78.0
1911,Corio,Port Phillip  Bay,1988-09-21,surface,8.3,35.0,,220.0,91.0,110.0
1991,Hobsons Bay,Port Phillip  Bay,1988-09-21,surface,8.1,31.0,,420.0,120.0,160.0
1229,Central,Port Phillip  Bay,1988-10-21,surface,7.1,35.0,2.1,150.0,56.0,66.0
1911,Corio,Port Phillip  Bay,1988-10-21,surface,5.8,35.0,1.8,210.0,100.0,110.0
1991,Hobsons Bay,Port Phillip  Bay,1988-10-21,surface,6.7,33.0,2.8,230.0,86.0,110.0
1911,Corio,Port Phillip  Bay,1988-11-14,surface,7.6,36.0,5.5,250.0,100.0,120.0
1991,Hobsons Bay,Port Phillip  Bay,1988-11-14,surface,7.7,35.0,4.2,180.0,93.0,110.0
1229,Central,Port Phillip  Bay,1988-11-21,surface,8.1,35.0,12.0,160.0,67.0,74.0
1229,Central,Port Phillip  Bay,1988-12-19,surface,7.1,35.0,12.0,170.0,70.0,84.0
1911,Corio,Port Phillip  Bay,1988-12-19,surface,7.4,35.0,12.0,210.0,82.0,100.0
1991,Hobsons Bay,Port Phillip  Bay,1988-12-19,surface,7.3,34.0,4.0,230.0,110.0,140.0
1229,Central,Port Phillip  Bay,1989-01-25,surface,5.9,35.0,4.4,170.0,73.0,89.0
1911,Corio,Port Phillip  Bay,1989-01-25,surface,7.3,36.0,3.0,200.0,88.0,110.0
1991,Hobsons Bay,Port Phillip  Bay,1989-01-25,surface,6.8,32.0,5.4,270.0,98.0,130.0
1229,Central,Port Phillip  Bay,1989-02-27,surface,7.5,35.0,2.7,170.0,75.0,73.0
1911,Corio,Port Phillip  Bay,1989-02-27,surface,7.6,36.0,3.5,200.0,85.0,100.0
1991,Hobsons Bay,Port Phillip  Bay,1989-02-27,surface,7.7,34.0,6.1,230.0,98.0,120.0
1229,Central,Port Phillip  Bay,1989-03-14,surface,6.7,35.0,2.4,160.0,64.0,75.0
1911,Corio,Port Phillip  Bay,1989-03-14,surface,6.9,36.0,3.2,230.0,99.0,120.0
1991,Hobsons Bay,Port Phillip  Bay,1989-03-14,surface,7.2,34.0,5.9,270.0,94.0,130.0
1229,Central,Port Phillip  Bay,1989-04-19,surface,7.9,36.0,5.4,160.0,75.0,88.0
1911,Corio,Port Phillip  Bay,1989-04-19,surface,7.6,36.0,2.0,240.0,130.0,130.0
1991,Hobsons Bay,Port Phillip  Bay,1989-04-19,surface,7.9,35.0,2.3,170.0,91.0,95.0
1229,Central,Port Phillip  Bay,1989-05-24,surface,7.7,35.0,1.9,140.0,72.0,76.0
1911,Corio,Port Phillip  Bay,1989-05-24,surface,7.8,36.0,3.1,250.0,160.0,140.0
1991,Hobsons Bay,Port Phillip  Bay,1989-05-24,surface,7.6,34.0,3.0,240.0,83.0,110.0
1229,Central,Port Phillip  Bay,1989-06-21,surface,8.5,35.0,2.8,130.0,68.0,85.0
1911,Corio,Port Phillip  Bay,1989-06-21,surface,8.4,35.0,2.1,230.0,120.0,130.0
1991,Hobsons Bay,Port Phillip  Bay,1989-06-21,surface,8.3,34.0,8.5,210.0,71.0,85.0
1229,Central,Port Phillip  Bay,1989-09-15,surface,8.5,34.0,2.5,170.0,69.0,75.0
1911,Corio,Port Phillip  Bay,1989-09-15,surface,8.7,34.0,2.0,300.0,95.0,120.0
1991,Hobsons Bay,Port Phillip  Bay,1989-09-15,surface,8.7,34.0,3.6,190.0,76.0,91.0
1229,Central,Port Phillip  Bay,1989-09-27,surface,8.5,34.0,2.7,170.0,67.0,81.0
1911,Corio,Port Phillip  Bay,1989-09-27,surface,8.2,34.0,1.7,220.0,95.0,110.0
1991,Hobsons Bay,Port Phillip  Bay,1989-09-27,surface,9.0,31.0,3.9,260.0,65.0,85.0
1229,Central,Port Phillip  Bay,1989-12-13,surface,7.4,,2.3,160.0,57.0,83.0
1911,Corio,Port Phillip  Bay,1989-12-13,surface,7.4,35.0,3.1,220.0,98.0,140.0
1229,Central,Port Phillip  Bay,1990-01-17,surface,7.6,34.0,3.2,170.0,75.0,92.0
1911,Corio,Port Phillip  Bay,1990-01-17,surface,7.4,35.0,4.1,210.0,91.0,110.0
1991,Hobsons Bay,Port Phillip  Bay,1990-01-17,surface,7.6,34.0,4.7,180.0,80.0,93.0
1229,Central,Port Phillip  Bay,1990-02-06,surface,7.9,35.0,3.7,130.0,61.0,64.0
1911,Corio,Port Phillip  Bay,1990-02-06,surface,7.8,34.0,3.9,190.0,94.0,98.0
1991,Hobsons Bay,Port Phillip  Bay,1990-02-06,surface,7.6,31.0,4.6,340.0,100.0,120.0
1229,Central,Port Phillip  Bay,1990-03-01,surface,8.0,35.0,2.7,160.0,67.0,81.0
1911,Corio,Port Phillip  Bay,1990-03-01,surface,7.1,35.0,3.3,240.0,72.0,130.0
1991,Hobsons Bay,Port Phillip  Bay,1990-03-01,surface,7.3,34.0,2.9,210.0,92.0,120.0
1229,Central,Port Phillip  Bay,1990-03-13,surface,7.6,35.0,1.7,130.0,66.0,66.0
1911,Corio,Port Phillip  Bay,1990-03-13,surface,7.8,36.0,1.7,190.0,100.0,110.0
1991,Hobsons Bay,Port Phillip  Bay,1990-03-13,surface,8.5,32.0,4.3,270.0,97.0,130.0
369,Long Reef,Port Phillip  Bay,1990-04-11,surface,9.0,35.0,5.4,460.0,160.0,260.0
939,Patterson River,Port Phillip  Bay,1990-04-11,surface,8.7,35.0,1.8,220.0,91.0,100.0
1229,Central,Port Phillip  Bay,1990-04-11,surface,7.6,35.0,2.9,160.0,62.0,81.0
1282,Dromana,Port Phillip  Bay,1990-04-11,surface,7.2,35.0,2.0,160.0,68.0,80.0
1911,Corio,Port Phillip  Bay,1990-04-11,surface,7.6,36.0,2.7,230.0,99.0,110.0
1991,Hobsons Bay,Port Phillip  Bay,1990-04-11,surface,8.5,34.0,4.3,240.0,100.0,130.0
939,Patterson River,Port Phillip  Bay,1990-05-29,surface,9.0,35.0,2.0,160.0,80.0,92.0
1282,Dromana,Port Phillip  Bay,1990-05-29,surface,8.7,35.0,2.8,100.0,71.0,79.0
369,Long Reef,Port Phillip  Bay,1990-05-31,surface,9.3,35.0,3.5,530.0,170.0,230.0
1229,Central,Port Phillip  Bay,1990-05-31,surface,8.2,35.0,2.7,140.0,68.0,80.0
1911,Corio,Port Phillip  Bay,1990-05-31,surface,8.7,36.0,1.6,180.0,96.0,110.0
1991,Hobsons Bay,Port Phillip  Bay,1990-05-31,surface,8.0,34.0,3.4,220.0,130.0,160.0
939,Patterson River,Port Phillip  Bay,1990-07-11,surface,9.3,34.0,2.0,380.0,100.0,100.0
1229,Central,Port Phillip  Bay,1990-07-11,surface,9.3,35.0,1.0,130.0,65.0,73.0
1282,Dromana,Port Phillip  Bay,1990-07-11,surface,9.3,35.0,1.7,170.0,76.0,87.0
369,Long Reef,Port Phillip  Bay,1990-07-12,surface,9.4,35.0,1.9,350.0,140.0,160.0
1911,Corio,Port Phillip  Bay,1990-07-12,surface,9.3,36.0,11.0,180.0,100.0,110.0
1991,Hobsons Bay,Port Phillip  Bay,1990-07-12,surface,9.1,32.0,3.1,260.0,3900.0,110.0
369,Long Reef,Port Phillip  Bay,1990-10-09,surface,9.4,35.0,2.2,350.0,160.0,170.0
939,Patterson River,Port Phillip  Bay,1990-10-09,surface,8.9,27.0,10.0,800.0,120.0,160.0
1229,Central,Port Phillip  Bay,1990-10-09,surface,7.9,34.0,1.8,170.0,68.0,78.0
1282,Dromana,Port Phillip  Bay,1990-10-09,surface,8.5,35.0,1.8,150.0,48.0,65.0
1911,Corio,Port Phillip  Bay,1990-10-09,surface,9.5,35.0,1.6,200.0,97.0,110.0
1991,Hobsons Bay,Port Phillip  Bay,1990-10-09,surface,6.8,32.0,2.8,230.0,57.0,96.0
369,Long Reef,Port Phillip  Bay,1990-11-28,surface,8.1,35.0,3.4,250.0,120.0,130.0
939,Patterson River,Port Phillip  Bay,1990-11-28,surface,7.7,34.0,2.8,180.0,81.0,90.0
1229,Central,Port Phillip  Bay,1990-11-28,surface,7.7,34.0,2.4,120.0,69.0,69.0
1282,Dromana,Port Phillip  Bay,1990-11-28,surface,8.0,35.0,2.5,120.0,46.0,54.0
1911,Corio,Port Phillip  Bay,1990-11-28,surface,7.7,35.0,2.5,180.0,100.0,110.0
1991,Hobsons Bay,Port Phillip  Bay,1990-11-28,surface,7.9,33.0,4.0,260.0,100.0,120.0
369,Long Reef,Port Phillip  Bay,1991-01-10,surface,8.0,34.0,2.5,720.0,340.0,360.0
939,Patterson River,Port Phillip  Bay,1991-01-10,surface,8.0,32.0,6.5,350.0,100.0,130.0
1229,Central,Port Phillip  Bay,1991-01-10,surface,7.7,34.0,2.0,160.0,72.0,81.0
1282,Dromana,Port Phillip  Bay,1991-01-10,surface,7.5,35.0,1.8,150.0,63.0,70.0
1911,Corio,Port Phillip  Bay,1991-01-10,surface,7.1,35.0,2.4,210.0,96.0,110.0
1991,Hobsons Bay,Port Phillip  Bay,1991-01-10,surface,6.5,27.0,4.1,540.0,100.0,120.0
1229,Central,Port Phillip  Bay,1991-02-04,surface,7.7,35.0,7.2,160.0,66.0,74.0
1911,Corio,Port Phillip  Bay,1991-02-04,surface,7.7,36.0,3.6,220.0,100.0,110.0
369,Long Reef,Port Phillip  Bay,1991-02-05,surface,8.2,35.0,2.7,220.0,95.0,110.0
939,Patterson River,Port Phillip  Bay,1991-02-05,surface,5.4,34.0,2.0,180.0,82.0,93.0
1282,Dromana,Port Phillip  Bay,1991-02-05,surface,7.7,35.0,1.4,170.0,67.0,74.0
1991,Hobsons Bay,Port Phillip  Bay,1991-02-05,surface,7.8,34.0,3.0,220.0,100.0,120.0
939,Patterson River,Port Phillip  Bay,1991-03-05,surface,5.2,35.0,1.7,150.0,77.0,87.0
1282,Dromana,Port Phillip  Bay,1991-03-05,surface,7.6,35.0,1.9,140.0,62.0,71.0
369,Long Reef,Port Phillip  Bay,1991-03-08,surface,5.4,35.0,5.8,430.0,290.0,340.0
1229,Central,Port Phillip  Bay,1991-03-08,surface,7.3,35.0,2.7,150.0,66.0,85.0
1282,Dromana,Port Phillip  Bay,1991-03-08,surface,7.0,35.0,2.3,190.0,68.0,85.0
1911,Corio,Port Phillip  Bay,1991-03-08,surface,4.8,36.0,2.6,180.0,94.0,120.0
1991,Hobsons Bay,Port Phillip  Bay,1991-03-08,surface,6.9,35.0,4.1,200.0,88.0,110.0
369,Long Reef,Port Phillip  Bay,1991-04-23,surface,7.7,36.0,5.5,190.0,90.0,100.0
939,Patterson River,Port Phillip  Bay,1991-04-23,surface,5.3,35.0,4.2,210.0,94.0,110.0
1229,Central,Port Phillip  Bay,1991-04-23,surface,7.2,36.0,2.1,150.0,80.0,91.0
1282,Dromana,Port Phillip  Bay,1991-04-23,surface,7.7,36.0,2.1,150.0,48.0,58.0
1911,Corio,Port Phillip  Bay,1991-04-23,surface,6.2,37.0,2.9,210.0,94.0,110.0
1991,Hobsons Bay,Port Phillip  Bay,1991-04-23,surface,7.5,35.0,4.0,200.0,98.0,100.0
939,Patterson River,Port Phillip  Bay,1991-06-13,surface,8.1,35.0,1.9,170.0,78.0,82.0
1282,Dromana,Port Phillip  Bay,1991-06-13,surface,8.3,35.0,2.4,150.0,66.0,74.0
1911,Corio,Port Phillip  Bay,1991-06-13,surface,8.6,35.0,4.1,370.0,120.0,130.0
369,Long Reef,Port Phillip  Bay,1991-06-27,surface,8.3,35.0,2.3,710.0,210.0,230.0
1229,Central,Port Phillip  Bay,1991-06-27,surface,8.3,35.0,1.6,140.0,62.0,71.0
1991,Hobsons Bay,Port Phillip  Bay,1991-06-27,surface,7.5,34.0,4.2,220.0,85.0,91.0
369,Long Reef,Port Phillip  Bay,1991-10-24,surface,9.1,35.0,3.7,220.0,100.0,120.0
939,Patterson River,Port Phillip  Bay,1991-10-24,surface,7.8,34.0,2.4,210.0,68.0,86.0
1229,Central,Port Phillip  Bay,1991-10-24,surface,8.5,34.0,2.5,160.0,71.0,79.0
1282,Dromana,Port Phillip  Bay,1991-10-24,surface,8.3,34.0,2.5,150.0,50.0,57.0
1991,Hobsons Bay,Port Phillip  Bay,1991-10-24,surface,6.9,34.0,3.1,170.0,76.0,92.0
1911,Corio,Port Phillip  Bay,1991-11-07,surface,8.2,35.0,2.3,180.0,80.0,91.0
369,Long Reef,Port Phillip  Bay,1991-12-12,surface,7.8,35.0,9.4,210.0,60.0,90.0
939,Patterson River,Port Phillip  Bay,1991-12-12,surface,8.0,35.0,2.1,140.0,40.0,66.0
1229,Central,Port Phillip  Bay,1991-12-12,surface,8.0,35.0,3.8,160.0,54.0,77.0
1282,Dromana,Port Phillip  Bay,1991-12-12,surface,8.0,35.0,1.6,140.0,33.0,57.0
1911,Corio,Port Phillip  Bay,1991-12-12,surface,7.7,36.0,3.8,190.0,69.0,91.0
1991,Hobsons Bay,Port Phillip  Bay,1991-12-12,surface,8.2,34.0,6.0,200.0,77.0,100.0
369,Long Reef,Port Phillip  Bay,1991-12-30,surface,6.9,35.0,9.2,300.0,87.0,110.0
939,Patterson River,Port Phillip  Bay,1991-12-30,surface,7.8,35.0,3.1,160.0,71.0,84.0
1229,Central,Port Phillip  Bay,1991-12-30,surface,6.9,35.0,4.3,180.0,59.0,80.0
1282,Dromana,Port Phillip  Bay,1991-12-30,surface,7.7,35.0,5.3,140.0,55.0,66.0
1911,Corio,Port Phillip  Bay,1991-12-30,surface,7.5,35.0,4.5,200.0,79.0,95.0
1991,Hobsons Bay,Port Phillip  Bay,1991-12-30,surface,7.5,29.0,3.8,360.0,71.0,110.0
369,Long Reef,Port Phillip  Bay,1992-01-21,surface,5.7,35.0,1.6,170.0,72.0,84.0
939,Patterson River,Port Phillip  Bay,1992-01-21,surface,7.9,34.0,1.4,160.0,59.0,85.0
1229,Central,Port Phillip  Bay,1992-01-21,surface,7.6,34.0,1.8,160.0,63.0,78.0
1282,Dromana,Port Phillip  Bay,1992-01-21,surface,7.7,35.0,2.5,180.0,49.0,61.0
1911,Corio,Port Phillip  Bay,1992-01-21,surface,7.5,36.0,1.6,200.0,89.0,100.0
1991,Hobsons Bay,Port Phillip  Bay,1992-01-21,surface,7.6,34.0,2.3,180.0,76.0,95.0
369,Long Reef,Port Phillip  Bay,1992-02-26,surface,4.2,36.0,3.2,180.0,88.0,100.0
1229,Central,Port Phillip  Bay,1992-02-26,surface,7.9,35.0,3.0,150.0,67.0,80.0
1911,Corio,Port Phillip  Bay,1992-02-26,surface,7.6,36.0,0.75,190.0,90.0,110.0
939,Patterson River,Port Phillip  Bay,1992-02-27,surface,7.7,35.0,1.6,130.0,68.0,78.0
1282,Dromana,Port Phillip  Bay,1992-02-27,surface,3.5,35.0,1.8,120.0,60.0,69.0
1991,Hobsons Bay,Port Phillip  Bay,1992-02-27,surface,8.5,32.0,6.2,210.0,84.0,110.0
369,Long Reef,Port Phillip  Bay,1992-03-25,surface,8.0,36.0,3.1,210.0,87.0,100.0
939,Patterson River,Port Phillip  Bay,1992-03-25,surface,7.9,34.0,3.8,190.0,86.0,93.0
1229,Central,Port Phillip  Bay,1992-03-25,surface,7.8,35.0,1.8,170.0,77.0,85.0
1282,Dromana,Port Phillip  Bay,1992-03-25,surface,4.7,35.0,2.8,170.0,61.0,69.0
1911,Corio,Port Phillip  Bay,1992-03-25,surface,7.8,36.0,3.4,210.0,98.0,100.0
1991,Hobsons Bay,Port Phillip  Bay,1992-03-25,surface,7.8,34.0,2.7,230.0,91.0,110.0
369,Long Reef,Port Phillip  Bay,1992-04-28,surface,8.1,35.0,3.2,580.0,270.0,290.0
939,Patterson River,Port Phillip  Bay,1992-04-28,surface,8.1,35.0,1.5,180.0,90.0,97.0
1229,Central,Port Phillip  Bay,1992-04-28,surface,7.5,35.0,1.9,160.0,77.0,79.0
1282,Dromana,Port Phillip  Bay,1992-04-28,surface,4.5,35.0,1.9,160.0,76.0,78.0
1911,Corio,Port Phillip  Bay,1992-04-28,surface,7.8,36.0,3.9,210.0,110.0,120.0
1991,Hobsons Bay,Port Phillip  Bay,1992-04-28,surface,7.7,33.0,3.2,250.0,100.0,110.0
369,Long Reef,Port Phillip  Bay,1992-06-15,surface,8.9,35.0,2.5,500.0,200.0,210.0
939,Patterson River,Port Phillip  Bay,1992-06-15,surface,8.3,35.0,1.5,190.0,78.0,88.0
1229,Central,Port Phillip  Bay,1992-06-15,surface,8.6,35.0,3.8,180.0,76.0,85.0
1282,Dromana,Port Phillip  Bay,1992-06-15,surface,8.9,35.0,1.2,140.0,60.0,62.0
1911,Corio,Port Phillip  Bay,1992-06-15,surface,8.7,36.0,2.5,210.0,110.0,120.0
1991,Hobsons Bay,Port Phillip  Bay,1992-06-15,surface,8.8,34.0,2.1,190.0,69.0,86.0
369,Long Reef,Port Phillip  Bay,1992-08-26,surface,11.0,34.0,4.3,640.0,240.0,270.0
939,Patterson River,Port Phillip  Bay,1992-08-26,surface,9.6,35.0,0.47,180.0,68.0,74.0
1229,Central,Port Phillip  Bay,1992-08-26,surface,9.1,35.0,0.57,150.0,66.0,72.0
1282,Dromana,Port Phillip  Bay,1992-08-26,surface,9.4,35.0,0.67,160.0,61.0,68.0
1911,Corio,Port Phillip  Bay,1992-08-26,surface,9.5,35.0,0.97,180.0,110.0,120.0
1991,Hobsons Bay,Port Phillip  Bay,1992-08-26,surface,9.2,34.0,3.4,220.0,67.0,120.0
369,Long Reef,Port Phillip  Bay,1992-11-05,surface,9.2,34.0,1.9,200.0,110.0,130.0
939,Patterson River,Port Phillip  Bay,1992-11-05,surface,8.4,33.0,1.2,170.0,47.0,78.0
1229,Central,Port Phillip  Bay,1992-11-05,surface,8.8,33.0,0.87,150.0,60.0,73.0
1282,Dromana,Port Phillip  Bay,1992-11-05,surface,8.6,34.0,1.4,160.0,53.0,64.0
1911,Corio,Port Phillip  Bay,1992-11-05,surface,8.8,34.0,2.4,200.0,100.0,120.0
1991,Hobsons Bay,Port Phillip  Bay,1992-11-05,surface,10.0,28.0,3.9,310.0,53.0,84.0
369,Long Reef,Port Phillip  Bay,1992-12-10,surface,9.6,33.0,4.6,430.0,79.0,120.0
939,Patterson River,Port Phillip  Bay,1992-12-10,surface,8.2,31.0,5.5,500.0,82.0,110.0
1229,Central,Port Phillip  Bay,1992-12-10,surface,8.1,33.0,1.0,180.0,65.0,75.0
1282,Dromana,Port Phillip  Bay,1992-12-10,surface,8.0,34.0,0.9,150.0,50.0,64.0
1911,Corio,Port Phillip  Bay,1992-12-10,surface,9.3,33.0,2.6,330.0,93.0,130.0
1991,Hobsons Bay,Port Phillip  Bay,1992-12-10,surface,9.5,30.0,3.8,280.0,63.0,89.0
369,Long Reef,Port Phillip  Bay,1993-01-12,surface,8.6,34.0,1.4,270.0,96.0,120.0
939,Patterson River,Port Phillip  Bay,1993-01-12,surface,8.3,32.0,3.1,230.0,69.0,89.0
1229,Central,Port Phillip  Bay,1993-01-12,surface,8.2,33.0,1.2,180.0,68.0,76.0
1282,Dromana,Port Phillip  Bay,1993-01-12,surface,7.1,34.0,1.0,180.0,56.0,62.0
1911,Corio,Port Phillip  Bay,1993-01-12,surface,7.0,34.0,1.6,300.0,110.0,120.0
1991,Hobsons Bay,Port Phillip  Bay,1993-01-12,surface,9.1,31.0,2.6,240.0,65.0,87.0
939,Patterson River,Port Phillip  Bay,1993-02-25,surface,7.4,30.0,8.1,260.0,88.0,100.0
1229,Central,Port Phillip  Bay,1993-02-25,surface,7.3,34.0,0.85,180.0,62.0,73.0
1282,Dromana,Port Phillip  Bay,1993-02-25,surface,7.4,34.0,0.55,180.0,59.0,68.0
1991,Hobsons Bay,Port Phillip  Bay,1993-02-25,surface,7.2,30.0,5.2,320.0,85.0,100.0
369,Long Reef,Port Phillip  Bay,1993-03-10,surface,7.9,34.0,1.9,220.0,110.0,110.0
1911,Corio,Port Phillip  Bay,1993-03-10,surface,7.8,34.0,2.0,250.0,120.0,130.0
369,Long Reef,Port Phillip  Bay,1993-03-30,surface,7.9,34.0,1.4,260.0,140.0,150.0
1282,Dromana,Port Phillip  Bay,1993-03-30,surface,7.8,34.0,0.75,200.0,62.0,73.0
1911,Corio,Port Phillip  Bay,1993-03-30,surface,7.6,34.0,1.4,240.0,110.0,130.0
939,Patterson River,Port Phillip  Bay,1993-03-31,surface,7.7,33.0,1.7,200.0,80.0,90.0
1229,Central,Port Phillip  Bay,1993-03-31,surface,7.5,34.0,3.9,200.0,73.0,83.0
1991,Hobsons Bay,Port Phillip  Bay,1993-03-31,surface,7.1,31.0,3.8,310.0,91.0,110.0
369,Long Reef,Port Phillip  Bay,1993-05-20,surface,8.5,34.0,0.8,280.0,110.0,140.0
939,Patterson River,Port Phillip  Bay,1993-05-20,surface,8.8,33.0,4.3,210.0,72.0,92.0
1229,Central,Port Phillip  Bay,1993-05-20,surface,8.1,34.0,2.3,180.0,59.0,75.0
1282,Dromana,Port Phillip  Bay,1993-05-20,surface,8.2,34.0,0.41,190.0,68.0,81.0
1911,Corio,Port Phillip  Bay,1993-05-20,surface,8.6,35.0,1.8,230.0,100.0,120.0
1991,Hobsons Bay,Port Phillip  Bay,1993-05-20,surface,8.4,33.0,1.2,230.0,89.0,110.0
369,Long Reef,Port Phillip  Bay,1993-07-19,surface,9.2,34.0,4.8,510.0,170.0,190.0
1229,Central,Port Phillip  Bay,1993-07-19,surface,9.0,34.0,5.0,160.0,63.0,75.0
1911,Corio,Port Phillip  Bay,1993-07-19,surface,9.2,34.0,5.2,240.0,100.0,120.0
1991,Hobsons Bay,Port Phillip  Bay,1993-07-19,surface,9.2,34.0,5.8,180.0,66.0,80.0
939,Patterson River,Port Phillip  Bay,1993-07-20,surface,8.9,34.0,4.4,180.0,66.0,78.0
1282,Dromana,Port Phillip  Bay,1993-07-20,surface,8.9,34.0,4.6,170.0,64.0,76.0
369,Long Reef,Port Phillip  Bay,1994-02-02,surface,7.6,34.0,1.8,230.0,110.0,120.0
939,Patterson River,Port Phillip  Bay,1994-02-02,surface,8.1,33.0,0.87,170.0,64.0,73.0
1229,Central,Port Phillip  Bay,1994-02-02,surface,8.2,33.0,5.6,160.0,54.0,65.0
1282,Dromana,Port Phillip  Bay,1994-02-02,surface,7.8,33.0,1.0,160.0,56.0,66.0
1911,Corio,Port Phillip  Bay,1994-02-02,surface,7.4,34.0,4.0,210.0,95.0,110.0
1991,Hobsons Bay,Port Phillip  Bay,1994-02-02,surface,8.0,32.0,1.9,240.0,79.0,96.0
369,Long Reef,Port Phillip  Bay,1994-03-09,surface,7.6,34.0,0.73,280.0,140.0,160.0
939,Patterson River,Port Phillip  Bay,1994-03-09,surface,8.3,33.0,0.95,170.0,65.0,77.0
1229,Central,Port Phillip  Bay,1994-03-09,surface,7.5,33.0,0.45,200.0,59.0,71.0
1282,Dromana,Port Phillip  Bay,1994-03-09,surface,7.6,34.0,2.0,170.0,54.0,66.0
1911,Corio,Port Phillip  Bay,1994-03-09,surface,7.2,34.0,2.8,240.0,110.0,120.0
1991,Hobsons Bay,Port Phillip  Bay,1994-03-09,surface,7.3,32.0,1.1,240.0,74.0,91.0
939,Patterson River,Port Phillip  Bay,1994-06-01,surface,8.7,34.0,0.9,150.0,57.0,70.0
1229,Central,Port Phillip  Bay,1994-06-01,surface,8.6,34.0,0.8,140.0,58.0,71.0
1282,Dromana,Port Phillip  Bay,1994-06-01,surface,8.7,34.0,1.0,130.0,56.0,66.0
1991,Hobsons Bay,Port Phillip  Bay,1994-06-02,surface,8.3,34.0,2.0,130.0,59.0,69.0
369,Long Reef,Port Phillip  Bay,1994-06-03,surface,8.4,34.0,2.7,200.0,98.0,110.0
939,Patterson River,Port Phillip  Bay,1994-06-27,surface,8.6,34.0,4.5,160.0,62.0,71.0
1282,Dromana,Port Phillip  Bay,1994-06-27,surface,8.6,34.0,4.8,170.0,60.0,69.0
369,Long Reef,Port Phillip  Bay,1994-06-28,surface,8.8,34.0,6.8,530.0,190.0,210.0
1229,Central,Port Phillip  Bay,1994-06-28,surface,8.7,34.0,4.2,160.0,57.0,68.0
1911,Corio,Port Phillip  Bay,1994-06-28,surface,8.9,34.0,8.8,240.0,93.0,110.0
1991,Hobsons Bay,Port Phillip  Bay,1994-06-28,surface,8.7,33.0,2.9,210.0,59.0,74.0
939,Patterson River,Port Phillip  Bay,1994-07-19,surface,8.7,34.0,1.3,140.0,47.0,67.0
1229,Central,Port Phillip  Bay,1994-07-19,surface,8.7,34.0,5.4,140.0,58.0,68.0
1282,Dromana,Port Phillip  Bay,1994-07-19,surface,8.6,34.0,4.1,140.0,56.0,66.0
1911,Corio,Port Phillip  Bay,1994-07-19,surface,8.7,34.0,4.3,220.0,86.0,110.0
1991,Hobsons Bay,Port Phillip  Bay,1994-07-20,surface,8.6,34.0,8.0,160.0,58.0,70.0
369,Long Reef,Port Phillip  Bay,1994-07-21,surface,9.5,34.0,4.7,280.0,110.0,130.0
939,Patterson River,Port Phillip  Bay,1994-08-16,surface,9.3,34.0,3.0,170.0,75.0,87.0
1282,Dromana,Port Phillip  Bay,1994-08-16,surface,9.2,34.0,2.6,170.0,52.0,63.0
1911,Corio,Port Phillip  Bay,1994-08-16,surface,9.2,34.0,3.9,250.0,93.0,110.0
1991,Hobsons Bay,Port Phillip  Bay,1994-08-17,surface,9.1,31.0,3.8,240.0,73.0,81.0
369,Long Reef,Port Phillip  Bay,1994-08-18,surface,9.5,34.0,4.8,200.0,92.0,110.0
1229,Central,Port Phillip  Bay,1994-08-18,surface,9.1,34.0,0.8,130.0,51.0,61.0
1911,Corio,Port Phillip  Bay,1994-09-13,surface,8.4,34.0,2.0,160.0,88.0,110.0
939,Patterson River,Port Phillip  Bay,1994-09-14,surface,8.8,34.0,4.7,120.0,60.0,68.0
1282,Dromana,Port Phillip  Bay,1994-09-14,surface,8.6,34.0,2.2,110.0,44.0,54.0
1991,Hobsons Bay,Port Phillip  Bay,1994-09-15,surface,8.7,33.0,9.4,160.0,72.0,86.0
369,Long Reef,Port Phillip  Bay,1994-09-16,surface,8.8,34.0,4.4,150.0,76.0,93.0
1229,Central,Port Phillip  Bay,1994-09-16,surface,8.8,34.0,4.9,150.0,55.0,66.0
1911,Corio,Port Phillip  Bay,1994-10-11,surface,8.3,34.0,6.3,170.0,80.0,97.0
939,Patterson River,Port Phillip  Bay,1994-10-12,surface,8.8,34.0,0.6,160.0,63.0,78.0
1282,Dromana,Port Phillip  Bay,1994-10-12,surface,8.7,34.0,0.6,100.0,41.0,46.0
1991,Hobsons Bay,Port Phillip  Bay,1994-10-13,surface,8.9,32.0,5.3,290.0,75.0,96.0
369,Long Reef,Port Phillip  Bay,1994-10-14,surface,9.4,34.0,1.3,360.0,170.0,190.0
1229,Central,Port Phillip  Bay,1994-10-14,surface,9.0,34.0,1.9,160.0,61.0,71.0
939,Patterson River,Port Phillip  Bay,1994-11-09,surface,8.6,33.0,7.2,270.0,75.0,96.0
1282,Dromana,Port Phillip  Bay,1994-11-09,surface,8.2,35.0,0.2,140.0,40.0,49.0
1911,Corio,Port Phillip  Bay,1994-11-09,surface,7.9,35.0,4.7,240.0,78.0,93.0
1991,Hobsons Bay,Port Phillip  Bay,1994-11-10,surface,8.4,33.0,8.4,260.0,110.0,140.0
369,Long Reef,Port Phillip  Bay,1994-11-11,surface,8.3,34.0,0.95,170.0,66.0,79.0
1229,Central,Port Phillip  Bay,1994-11-11,surface,8.1,34.0,0.75,150.0,63.0,73.0
939,Patterson River,Port Phillip  Bay,1994-12-06,surface,8.1,34.0,1.1,170.0,64.0,73.0
1282,Dromana,Port Phillip  Bay,1994-12-06,surface,8.0,34.0,5.2,130.0,50.0,52.0
369,Long Reef,Port Phillip  Bay,1994-12-07,surface,8.4,35.0,1.4,250.0,95.0,120.0
1911,Corio,Port Phillip  Bay,1994-12-07,surface,7.9,35.0,0.75,220.0,77.0,90.0
1991,Hobsons Bay,Port Phillip  Bay,1994-12-07,surface,8.1,34.0,2.0,200.0,71.0,85.0
1229,Central,Port Phillip  Bay,1994-12-10,surface,7.7,34.0,0.35,170.0,65.0,72.0
939,Patterson River,Port Phillip  Bay,1995-01-03,surface,7.7,35.0,0.7,170.0,59.0,70.0
1282,Dromana,Port Phillip  Bay,1995-01-03,surface,7.7,35.0,2.9,170.0,48.0,57.0
369,Long Reef,Port Phillip  Bay,1995-01-04,surface,6.7,35.0,6.2,300.0,73.0,110.0
1229,Central,Port Phillip  Bay,1995-01-04,surface,7.4,35.0,8.8,160.0,58.0,64.0
1911,Corio,Port Phillip  Bay,1995-01-04,surface,7.0,36.0,1.4,240.0,87.0,100.0
1991,Hobsons Bay,Port Phillip  Bay,1995-01-05,surface,7.1,34.0,2.5,210.0,78.0,90.0
939,Patterson River,Port Phillip  Bay,1995-01-31,surface,7.0,35.0,4.0,190.0,66.0,78.0
1282,Dromana,Port Phillip  Bay,1995-01-31,surface,7.2,35.0,0.35,190.0,60.0,69.0
369,Long Reef,Port Phillip  Bay,1995-02-01,surface,7.4,35.0,8.8,210.0,83.0,96.0
1229,Central,Port Phillip  Bay,1995-02-01,surface,6.9,35.0,5.8,170.0,62.0,74.0
1911,Corio,Port Phillip  Bay,1995-02-01,surface,7.0,36.0,11.0,240.0,84.0,100.0
1991,Hobsons Bay,Port Phillip  Bay,1995-02-01,surface,8.2,33.0,8.2,340.0,81.0,110.0
939,Patterson River,Port Phillip  Bay,1995-02-27,surface,7.1,35.0,0.2,170.0,66.0,81.0
1282,Dromana,Port Phillip  Bay,1995-02-27,surface,7.0,35.0,4.9,160.0,55.0,67.0
369,Long Reef,Port Phillip  Bay,1995-02-28,surface,6.5,35.0,12.0,290.0,160.0,190.0
1911,Corio,Port Phillip  Bay,1995-02-28,surface,6.9,35.0,4.0,190.0,99.0,98.0
1229,Central,Port Phillip  Bay,1995-03-01,surface,7.0,35.0,3.3,160.0,55.0,68.0
1991,Hobsons Bay,Port Phillip  Bay,1995-03-01,surface,6.7,35.0,7.5,220.0,80.0,100.0
369,Long Reef,Port Phillip  Bay,1995-05-23,surface,8.4,35.0,1.2,370.0,220.0,250.0
939,Patterson River,Port Phillip  Bay,1995-05-23,surface,8.0,35.0,4.0,160.0,67.0,78.0
1229,Central,Port Phillip  Bay,1995-05-23,surface,8.1,35.0,3.8,130.0,61.0,72.0
1282,Dromana,Port Phillip  Bay,1995-05-23,surface,8.2,35.0,6.0,140.0,63.0,71.0
1911,Corio,Port Phillip  Bay,1995-05-23,surface,8.4,36.0,3.6,190.0,93.0,110.0
1991,Hobsons Bay,Port Phillip  Bay,1995-05-23,surface,8.0,34.0,5.3,220.0,78.0,90.0
1229,Central,Port Phillip  Bay,1995-08-13,surface,9.6,34.0,0.34,150.0,48.0,66.0
1282,Dromana,Port Phillip  Bay,1995-08-13,surface,11.0,32.0,3.3,220.0,44.0,66.0
369,Long Reef,Port Phillip  Bay,1995-08-14,surface,9.2,34.0,3.2,280.0,130.0,160.0
939,Patterson River,Port Phillip  Bay,1995-08-14,surface,11.0,32.0,5.0,320.0,63.0,90.0
1911,Corio,Port Phillip  Bay,1995-08-14,surface,10.0,35.0,3.2,180.0,83.0,100.0
1991,Hobsons Bay,Port Phillip  Bay,1995-08-14,surface,9.3,31.0,4.0,280.0,73.0,98.0
369,Long Reef,Port Phillip  Bay,1995-10-16,surface,8.5,34.0,4.9,220.0,110.0,140.0
939,Patterson River,Port Phillip  Bay,1995-10-16,surface,8.3,33.0,11.0,150.0,57.0,73.0
1229,Central,Port Phillip  Bay,1995-10-16,surface,8.6,34.0,1.7,160.0,55.0,70.0
1282,Dromana,Port Phillip  Bay,1995-10-16,surface,8.3,34.0,0.74,130.0,41.0,55.0
1911,Corio,Port Phillip  Bay,1995-10-16,surface,8.4,35.0,3.5,200.0,81.0,100.0
1991,Hobsons Bay,Port Phillip  Bay,1995-10-16,surface,8.9,33.0,5.9,170.0,67.0,87.0
369,Long Reef,Port Phillip  Bay,1995-12-28,surface,7.9,34.0,1.6,170.0,64.0,78.0
939,Patterson River,Port Phillip  Bay,1995-12-28,surface,7.8,34.0,6.0,140.0,54.0,65.0
1229,Central,Port Phillip  Bay,1995-12-28,surface,8.0,34.0,6.0,200.0,57.0,73.0
1282,Dromana,Port Phillip  Bay,1995-12-28,surface,8.0,34.0,5.6,130.0,45.0,54.0
1911,Corio,Port Phillip  Bay,1995-12-28,surface,8.0,35.0,3.9,240.0,80.0,98.0
1991,Hobsons Bay,Port Phillip  Bay,1995-12-29,surface,8.5,29.0,3.8,350.0,49.0,89.0
1229,Central,Port Phillip  Bay,1996-02-15,surface,7.6,34.0,1.1,150.0,50.0,69.0
1282,Dromana,Port Phillip  Bay,1996-02-15,surface,7.8,34.0,0.81,150.0,49.0,69.0
1911,Corio,Port Phillip  Bay,1996-02-15,surface,7.4,35.0,1.1,200.0,81.0,110.0
369,Long Reef,Port Phillip  Bay,1996-02-20,surface,7.3,35.0,1.9,170.0,65.0,89.0
939,Patterson River,Port Phillip  Bay,1996-02-20,surface,7.3,34.0,3.0,180.0,59.0,84.0
1991,Hobsons Bay,Port Phillip  Bay,1996-02-20,surface,7.9,30.0,3.5,260.0,30.0,78.0
939,Patterson River,Port Phillip  Bay,1996-03-27,surface,7.8,33.0,3.0,190.0,60.0,78.0
1229,Central,Port Phillip  Bay,1996-03-27,surface,7.5,34.0,4.3,170.0,63.0,82.0
1282,Dromana,Port Phillip  Bay,1996-03-27,surface,7.5,34.0,0.85,160.0,57.0,63.0
369,Long Reef,Port Phillip  Bay,1996-03-28,surface,8.0,35.0,2.5,310.0,180.0,210.0
1991,Hobsons Bay,Port Phillip  Bay,1996-03-28,surface,7.3,32.0,3.0,270.0,67.0,100.0
1911,Corio,Port Phillip  Bay,1996-04-04,surface,9.0,35.0,2.0,260.0,96.0,120.0
369,Long Reef,Port Phillip  Bay,1996-05-15,surface,7.8,34.0,1.1,380.0,180.0,200.0
939,Patterson River,Port Phillip  Bay,1996-05-15,surface,8.5,31.0,4.3,370.0,74.0,91.0
1229,Central,Port Phillip  Bay,1996-05-15,surface,8.0,34.0,2.2,150.0,55.0,71.0
1991,Hobsons Bay,Port Phillip  Bay,1996-05-15,surface,8.0,33.0,4.5,200.0,68.0,86.0
1282,Dromana,Port Phillip  Bay,1996-05-16,surface,8.1,34.0,2.6,150.0,55.0,70.0
1911,Corio,Port Phillip  Bay,1996-05-16,surface,7.9,35.0,2.4,190.0,89.0,110.0
369,Long Reef,Port Phillip  Bay,1996-06-12,surface,8.8,34.0,3.0,640.0,250.0,270.0
939,Patterson River,Port Phillip  Bay,1996-06-12,surface,8.4,34.0,1.9,150.0,62.0,74.0
1229,Central,Port Phillip  Bay,1996-06-12,surface,8.5,34.0,2.5,140.0,59.0,74.0
1282,Dromana,Port Phillip  Bay,1996-06-12,surface,8.8,34.0,1.6,140.0,48.0,59.0
1911,Corio,Port Phillip  Bay,1996-06-12,surface,8.5,35.0,1.6,190.0,70.0,96.0
1991,Hobsons Bay,Port Phillip  Bay,1996-06-12,surface,8.6,33.0,4.5,190.0,60.0,77.0
1229,Central,Port Phillip  Bay,1996-08-28,surface,8.7,33.0,1.3,140.0,38.0,59.0
1282,Dromana,Port Phillip  Bay,1996-08-28,surface,9.1,32.0,4.2,160.0,33.0,55.0
369,Long Reef,Port Phillip  Bay,1996-08-29,surface,9.0,33.0,5.0,560.0,220.0,260.0
939,Patterson River,Port Phillip  Bay,1996-08-29,surface,8.6,33.0,2.5,160.0,49.0,67.0
1911,Corio,Port Phillip  Bay,1996-08-29,surface,9.0,34.0,2.0,200.0,63.0,96.0
1991,Hobsons Bay,Port Phillip  Bay,1996-08-29,surface,8.9,29.0,4.0,290.0,45.0,63.0
369,Long Reef,Port Phillip  Bay,1996-11-08,surface,9.0,33.0,5.2,1000.0,380.0,410.0
1229,Central,Port Phillip  Bay,1996-11-08,surface,8.8,33.0,3.6,160.0,9.8,48.0
1911,Corio,Port Phillip  Bay,1996-11-08,surface,8.5,34.0,2.9,210.0,65.0,92.0
1991,Hobsons Bay,Port Phillip  Bay,1996-11-08,surface,8.7,27.0,5.7,340.0,23.0,59.0
369,Long Reef,Port Phillip  Bay,1996-12-05,surface,8.1,34.0,20.0,180.0,56.0,77.0
1229,Central,Port Phillip  Bay,1996-12-05,surface,8.1,33.0,4.7,150.0,31.0,56.0
1911,Corio,Port Phillip  Bay,1996-12-05,surface,7.8,34.0,7.7,190.0,64.0,85.0
1991,Hobsons Bay,Port Phillip  Bay,1996-12-05,surface,9.1,30.0,6.5,230.0,33.0,67.0
369,Long Reef,Port Phillip  Bay,1997-01-23,surface,7.0,34.0,4.0,200.0,90.0,94.0
1229,Central,Port Phillip  Bay,1997-01-23,surface,7.1,34.0,2.2,150.0,51.0,46.0
1911,Corio,Port Phillip  Bay,1997-01-23,surface,7.3,35.0,3.1,230.0,87.0,94.0
1991,Hobsons Bay,Port Phillip  Bay,1997-01-23,surface,6.9,34.0,3.5,180.0,66.0,71.0
369,Long Reef,Port Phillip  Bay,1997-02-19,surface,8.4,35.0,4.2,290.0,200.0,240.0
1229,Central,Port Phillip  Bay,1997-02-19,surface,7.1,34.0,0.99,140.0,54.0,67.0
1911,Corio,Port Phillip  Bay,1997-02-19,surface,6.8,35.0,3.2,230.0,98.0,120.0
1991,Hobsons Bay,Port Phillip  Bay,1997-02-19,surface,7.5,32.0,7.3,220.0,70.0,96.0
1911,Corio,Port Phillip  Bay,1997-04-09,surface,8.5,2.9,6.2,200.0,95.0,110.0
369,Long Reef,Port Phillip  Bay,1997-04-10,surface,7.8,35.0,13.0,170.0,72.0,83.0
1229,Central,Port Phillip  Bay,1997-04-10,surface,7.5,35.0,0.8,150.0,63.0,74.0
1991,Hobsons Bay,Port Phillip  Bay,1997-04-10,surface,7.3,32.0,3.0,270.0,84.0,100.0
369,Long Reef,Port Phillip  Bay,1997-05-13,surface,8.1,35.0,1.9,230.0,110.0,120.0
1229,Central,Port Phillip  Bay,1997-05-13,surface,,35.0,,,,
1911,Corio,Port Phillip  Bay,1997-05-13,surface,8.1,36.0,,180.0,91.0,100.0
1991,Hobsons Bay,Port Phillip  Bay,1997-05-13,surface,8.0,33.0,6.1,230.0,82.0,91.0
369,Long Reef,Port Phillip  Bay,1997-07-02,surface,8.1,34.0,,800.0,250.0,280.0
1229,Central,Port Phillip  Bay,1997-07-02,surface,8.3,35.0,,160.0,75.0,87.0
1911,Corio,Port Phillip  Bay,1997-07-02,surface,8.3,35.0,,210.0,90.0,100.0
1991,Hobsons Bay,Port Phillip  Bay,1997-07-02,surface,8.1,34.0,,250.0,76.0,91.0
369,Long Reef,Port Phillip  Bay,1997-08-21,surface,9.1,35.0,3.8,300.0,150.0,160.0
1229,Central,Port Phillip  Bay,1997-08-21,surface,8.8,35.0,1.3,120.0,58.0,69.0
1911,Corio,Port Phillip  Bay,1997-08-21,surface,9.2,35.0,1.5,200.0,85.0,93.0
1991,Hobsons Bay,Port Phillip  Bay,1997-08-21,surface,8.5,33.0,2.9,170.0,52.0,64.0
369,Long Reef,Port Phillip  Bay,1998-01-31,surface,8.2,36.0,4.1,170.0,72.0,93.0
1229,Central,Port Phillip  Bay,1998-01-31,surface,7.7,35.0,4.0,150.0,64.0,81.0
1911,Corio,Port Phillip  Bay,1998-01-31,surface,8.7,36.0,4.1,180.0,74.0,94.0
1991,Hobsons Bay,Port Phillip  Bay,1998-01-31,surface,7.2,34.0,6.4,180.0,72.0,96.0
369,Long Reef,Port Phillip  Bay,1998-03-19,surface,7.6,36.0,2.9,160.0,77.0,89.0
1229,Central,Port Phillip  Bay,1998-03-19,surface,7.3,36.0,2.3,140.0,71.0,86.0
1911,Corio,Port Phillip  Bay,1998-03-19,surface,7.5,37.0,3.2,190.0,80.0,94.0
1991,Hobsons Bay,Port Phillip  Bay,1998-03-19,surface,7.4,35.0,3.2,190.0,84.0,100.0
369,Long Reef,Port Phillip  Bay,1998-04-16,surface,7.9,36.0,1.9,160.0,75.0,90.0
1229,Central,Port Phillip  Bay,1998-04-16,surface,7.6,36.0,4.0,160.0,77.0,93.0
1911,Corio,Port Phillip  Bay,1998-04-16,surface,7.7,37.0,1.9,170.0,77.0,92.0
1991,Hobsons Bay,Port Phillip  Bay,1998-04-16,surface,7.9,36.0,2.7,170.0,82.0,100.0
369,Long Reef,Port Phillip  Bay,1998-05-18,surface,7.4,36.0,2.2,470.0,200.0,230.0
1229,Central,Port Phillip  Bay,1998-05-18,surface,8.1,36.0,0.31,140.0,70.0,79.0
1911,Corio,Port Phillip  Bay,1998-05-18,surface,8.3,37.0,3.8,220.0,79.0,97.0
1991,Hobsons Bay,Port Phillip  Bay,1998-05-18,surface,8.2,36.0,4.5,180.0,91.0,100.0
369,Long Reef,Port Phillip  Bay,1998-06-29,surface,8.9,36.0,4.4,420.0,160.0,180.0
1229,Central,Port Phillip  Bay,1998-06-29,surface,8.7,36.0,1.4,160.0,79.0,88.0
1911,Corio,Port Phillip  Bay,1998-06-29,surface,8.7,36.0,2.1,200.0,87.0,100.0
1991,Hobsons Bay,Port Phillip  Bay,1998-06-29,surface,8.8,35.0,3.3,220.0,91.0,110.0
369,Long Reef,Port Phillip  Bay,1998-07-31,surface,12.0,35.0,8.5,670.0,280.0,300.0
1229,Central,Port Phillip  Bay,1998-07-31,surface,8.9,36.0,4.0,130.0,67.0,69.0
1911,Corio,Port Phillip  Bay,1998-07-31,surface,11.0,36.0,8.0,210.0,87.0,95.0
1991,Hobsons Bay,Port Phillip  Bay,1998-07-31,surface,8.9,35.0,6.0,210.0,90.0,110.0
369,Long Reef,Port Phillip  Bay,1998-08-27,surface,8.8,33.0,8.3,3100.0,700.0,990.0
1229,Central,Port Phillip  Bay,1998-08-27,surface,8.6,36.0,0.75,130.0,65.0,77.0
1911,Corio,Port Phillip  Bay,1998-08-27,surface,8.7,36.0,2.9,210.0,93.0,100.0
1991,Hobsons Bay,Port Phillip  Bay,1998-08-27,surface,8.6,35.0,3.8,150.0,70.0,80.0
369,Long Reef,Port Phillip  Bay,1998-09-10,surface,8.9,36.0,5.7,420.0,170.0,220.0
1229,Central,Port Phillip  Bay,1998-09-10,surface,8.7,36.0,3.6,140.0,65.0,70.0
1911,Corio,Port Phillip  Bay,1998-09-10,surface,9.0,36.0,4.2,190.0,92.0,110.0
1991,Hobsons Bay,Port Phillip  Bay,1998-09-10,surface,8.6,35.0,4.7,200.0,70.0,94.0
369,Long Reef,Port Phillip  Bay,1998-10-29,surface,8.7,35.0,7.8,680.0,220.0,250.0
1229,Central,Port Phillip  Bay,1998-10-29,surface,8.2,35.0,3.9,150.0,68.0,76.0
1911,Corio,Port Phillip  Bay,1998-10-29,surface,8.3,36.0,3.1,210.0,92.0,100.0
1991,Hobsons Bay,Port Phillip  Bay,1998-10-29,surface,8.5,35.0,3.2,220.0,100.0,120.0
369,Long Reef,Port Phillip  Bay,1998-11-10,surface,8.7,36.0,7.0,220.0,130.0,140.0
1229,Central,Port Phillip  Bay,1998-11-10,surface,8.0,36.0,1.0,150.0,67.0,74.0
1911,Corio,Port Phillip  Bay,1998-11-10,surface,8.7,36.0,4.6,200.0,89.0,100.0
1991,Hobsons Bay,Port Phillip  Bay,1998-11-12,surface,7.3,35.0,7.9,210.0,88.0,99.0
369,Long Reef,Port Phillip  Bay,1998-12-09,surface,7.5,36.0,4.4,240.0,100.0,120.0
1229,Central,Port Phillip  Bay,1998-12-09,surface,7.7,36.0,8.2,140.0,70.0,74.0
1911,Corio,Port Phillip  Bay,1998-12-09,surface,7.3,36.0,4.7,210.0,94.0,110.0
1991,Hobsons Bay,Port Phillip  Bay,1998-12-09,surface,7.9,34.0,2.8,200.0,74.0,89.0
369,Long Reef,Port Phillip  Bay,1999-01-31,surface,6.8,36.0,6.6,230.0,110.0,120.0
1229,Central,Port Phillip  Bay,1999-01-31,surface,7.1,36.0,3.3,160.0,61.0,69.0
1911,Corio,Port Phillip  Bay,1999-01-31,surface,7.3,37.0,5.8,220.0,99.0,110.0
1991,Hobsons Bay,Port Phillip  Bay,1999-01-31,surface,6.6,35.0,3.8,220.0,87.0,99.0
369,Long Reef,Port Phillip  Bay,1999-02-28,surface,7.4,36.0,2.5,290.0,180.0,200.0
1229,Central,Port Phillip  Bay,1999-02-28,surface,7.2,36.0,2.4,180.0,82.0,90.0
1911,Corio,Port Phillip  Bay,1999-02-28,surface,7.0,37.0,4.2,220.0,110.0,120.0
1991,Hobsons Bay,Port Phillip  Bay,1999-02-28,surface,7.3,35.0,3.8,210.0,95.0,110.0
369,Long Reef,Port Phillip  Bay,1999-03-30,surface,7.4,37.0,4.2,180.0,81.0,110.0
1229,Central,Port Phillip  Bay,1999-03-30,surface,7.3,36.0,2.8,170.0,82.0,95.0
1911,Corio,Port Phillip  Bay,1999-03-30,surface,7.4,37.0,3.5,190.0,110.0,130.0
1991,Hobsons Bay,Port Phillip  Bay,1999-03-30,surface,7.5,35.0,7.7,210.0,88.0,110.0
369,Long Reef,Port Phillip  Bay,1999-04-13,surface,8.4,36.0,3.5,210.0,120.0,130.0
1229,Central,Port Phillip  Bay,1999-04-13,surface,7.7,36.0,3.9,150.0,82.0,91.0
1911,Corio,Port Phillip  Bay,1999-04-13,surface,8.1,37.0,2.9,220.0,110.0,120.0
1991,Hobsons Bay,Port Phillip  Bay,1999-04-13,surface,8.2,35.0,2.9,160.0,83.0,92.0
369,Long Reef,Port Phillip  Bay,1999-05-17,surface,8.2,36.0,5.3,430.0,240.0,250.0
1229,Central,Port Phillip  Bay,1999-05-17,surface,8.1,36.0,4.9,150.0,79.0,82.0
1911,Corio,Port Phillip  Bay,1999-05-17,surface,9.4,37.0,2.1,200.0,100.0,110.0
1991,Hobsons Bay,Port Phillip  Bay,1999-05-17,surface,7.7,36.0,5.2,200.0,88.0,100.0
1229,Central,Port Phillip  Bay,1999-06-28,surface,8.6,36.0,5.4,150.0,70.0,78.0
1911,Corio,Port Phillip  Bay,1999-06-28,surface,8.3,37.0,6.7,210.0,100.0,120.0
1991,Hobsons Bay,Port Phillip  Bay,1999-06-28,surface,8.5,35.0,3.3,200.0,71.0,81.0
369,Long Reef,Port Phillip  Bay,1999-08-31,surface,8.6,36.0,1.9,420.0,190.0,200.0
1229,Central,Port Phillip  Bay,1999-08-31,surface,8.5,36.0,2.3,150.0,71.0,79.0
1911,Corio,Port Phillip  Bay,1999-08-31,surface,8.4,36.0,3.6,200.0,110.0,120.0
1991,Hobsons Bay,Port Phillip  Bay,1999-08-31,surface,8.3,30.0,8.1,470.0,88.0,110.0
369,Long Reef,Port Phillip  Bay,1999-09-28,surface,8.3,36.0,4.5,260.0,130.0,170.0
1229,Central,Port Phillip  Bay,1999-09-28,surface,8.4,36.0,5.0,140.0,64.0,72.0
1911,Corio,Port Phillip  Bay,1999-09-28,surface,8.2,36.0,4.2,230.0,110.0,130.0
1991,Hobsons Bay,Port Phillip  Bay,1999-09-28,surface,8.2,36.0,11.0,190.0,92.0,110.0
369,Long Reef,Port Phillip  Bay,1999-10-13,surface,8.7,35.0,6.0,510.0,220.0,260.0
1229,Central,Port Phillip  Bay,1999-10-13,surface,8.1,36.0,2.7,140.0,62.0,69.0
1911,Corio,Port Phillip  Bay,1999-10-13,surface,8.0,36.0,2.0,220.0,110.0,130.0
1991,Hobsons Bay,Port Phillip  Bay,1999-10-13,surface,8.0,34.0,3.8,220.0,74.0,94.0
1229,Central,Port Phillip  Bay,1999-11-26,surface,9.2,36.0,1.2,160.0,77.0,82.0
1991,Hobsons Bay,Port Phillip  Bay,1999-11-26,surface,9.3,35.0,5.9,200.0,86.0,100.0
369,Long Reef,Port Phillip  Bay,1999-11-28,surface,7.5,36.0,7.4,220.0,87.0,98.0
1911,Corio,Port Phillip  Bay,1999-11-28,surface,7.9,37.0,3.9,230.0,110.0,120.0
369,Long Reef,Port Phillip  Bay,1999-12-20,surface,7.6,37.0,4.4,210.0,100.0,120.0
1229,Central,Port Phillip  Bay,1999-12-20,surface,7.5,36.0,3.7,160.0,72.0,87.0
1911,Corio,Port Phillip  Bay,1999-12-20,surface,7.5,37.0,4.2,240.0,100.0,120.0
1991,Hobsons Bay,Port Phillip  Bay,1999-12-20,surface,7.8,35.0,4.3,220.0,79.0,100.0
369,Long Reef,Port Phillip  Bay,2000-01-31,surface,7.7,34.0,3.7,1100.0,440.0,870.0
1229,Central,Port Phillip  Bay,2000-01-31,surface,7.2,36.0,6.0,170.0,73.0,88.0
1911,Corio,Port Phillip  Bay,2000-01-31,surface,7.5,37.0,1.9,200.0,87.0,110.0
1991,Hobsons Bay,Port Phillip  Bay,2000-01-31,surface,7.9,33.0,4.3,330.0,53.0,97.0
369,Long Reef,Port Phillip  Bay,2000-02-24,surface,7.0,36.0,2.7,180.0,95.0,110.0
1229,Central,Port Phillip  Bay,2000-02-24,surface,7.1,36.0,6.1,180.0,69.0,86.0
1911,Corio,Port Phillip  Bay,2000-02-24,surface,7.5,37.0,2.5,210.0,98.0,110.0
1991,Hobsons Bay,Port Phillip  Bay,2000-02-24,surface,7.4,36.0,3.4,180.0,70.0,93.0
369,Long Reef,Port Phillip  Bay,2000-06-30,surface,9.8,36.0,6.9,470.0,210.0,240.0
1229,Central,Port Phillip  Bay,2000-06-30,surface,9.1,36.0,5.8,150.0,65.0,93.0
1911,Corio,Port Phillip  Bay,2000-06-30,surface,9.1,37.0,1.6,230.0,100.0,110.0
1991,Hobsons Bay,Port Phillip  Bay,2000-06-30,surface,9.0,34.0,4.0,230.0,70.0,82.0
369,Long Reef,Port Phillip  Bay,2000-08-20,surface,9.7,36.0,2.8,290.0,150.0,160.0
1229,Central,Port Phillip  Bay,2000-08-20,surface,8.7,36.0,1.2,120.0,57.0,60.0
1911,Corio,Port Phillip  Bay,2000-08-20,surface,9.3,37.0,2.0,190.0,99.0,110.0
1991,Hobsons Bay,Port Phillip  Bay,2000-08-20,surface,9.1,36.0,3.2,160.0,84.0,98.0
369,Long Reef,Port Phillip  Bay,2000-10-31,surface,8.2,35.0,3.0,370.0,150.0,170.0
1229,Central,Port Phillip  Bay,2000-10-31,surface,8.5,35.0,3.3,200.0,67.0,85.0
1911,Corio,Port Phillip  Bay,2000-10-31,surface,8.2,35.0,2.4,220.0,100.0,120.0
1991,Hobsons Bay,Port Phillip  Bay,2000-10-31,surface,7.5,33.0,3.7,360.0,77.0,92.0
369,Long Reef,Port Phillip  Bay,2000-11-29,surface,11.0,35.0,5.7,440.0,110.0,240.0
1229,Central,Port Phillip  Bay,2000-11-29,surface,7.4,35.0,2.0,150.0,55.0,68.0
1911,Corio,Port Phillip  Bay,2000-11-29,surface,8.4,36.0,3.1,230.0,100.0,120.0
1991,Hobsons Bay,Port Phillip  Bay,2000-11-29,surface,7.3,33.0,4.1,280.0,73.0,95.0
1229,Central,Port Phillip  Bay,2001-03-15,surface,7.6,36.0,3.6,160.0,68.0,83.0
1991,Hobsons Bay,Port Phillip  Bay,2001-03-15,surface,8.4,35.0,6.8,200.0,65.0,91.0
369,Long Reef,Port Phillip  Bay,2001-03-16,surface,7.0,37.0,5.3,190.0,89.0,110.0
1911,Corio,Port Phillip  Bay,2001-03-16,surface,7.1,38.0,3.3,260.0,110.0,130.0
369,Long Reef,Port Phillip  Bay,2001-05-23,surface,8.1,35.0,2.7,360.0,120.0,150.0
1229,Central,Port Phillip  Bay,2001-05-23,surface,7.8,36.0,1.7,160.0,60.0,80.0
1911,Corio,Port Phillip  Bay,2001-05-23,surface,8.3,36.0,2.4,240.0,93.0,110.0
1991,Hobsons Bay,Port Phillip  Bay,2001-05-23,surface,8.5,36.0,4.7,270.0,96.0,130.0
369,Long Reef,Port Phillip  Bay,2001-07-03,surface,8.3,35.0,3.3,390.0,160.0,190.0
1229,Central,Port Phillip  Bay,2001-07-03,surface,8.3,36.0,4.8,180.0,69.0,88.0
1911,Corio,Port Phillip  Bay,2001-07-03,surface,8.1,36.0,4.9,220.0,92.0,110.0
1991,Hobsons Bay,Port Phillip  Bay,2001-07-03,surface,8.1,35.0,4.1,250.0,68.0,86.0
369,Long Reef,Port Phillip  Bay,2001-07-20,surface,8.6,36.0,3.8,340.0,130.0,150.0
1229,Central,Port Phillip  Bay,2001-07-20,surface,8.4,36.0,5.6,170.0,66.0,78.0
1911,Corio,Port Phillip  Bay,2001-07-20,surface,8.4,36.0,3.3,230.0,95.0,110.0
1991,Hobsons Bay,Port Phillip  Bay,2001-07-20,surface,8.5,36.0,2.8,200.0,89.0,100.0
1229,Central,Port Phillip  Bay,2001-08-14,surface,8.8,36.0,3.8,120.0,55.0,71.0
1991,Hobsons Bay,Port Phillip  Bay,2001-08-14,surface,8.8,36.0,6.8,140.0,72.0,82.0
369,Long Reef,Port Phillip  Bay,2001-08-15,surface,8.6,35.0,1.4,320.0,180.0,190.0
1911,Corio,Port Phillip  Bay,2001-08-15,surface,8.5,36.0,1.5,190.0,98.0,110.0
369,Long Reef,Port Phillip  Bay,2001-09-06,surface,9.1,35.0,5.8,220.0,130.0,150.0
1229,Central,Port Phillip  Bay,2001-09-06,surface,8.8,36.0,4.1,160.0,140.0,150.0
1911,Corio,Port Phillip  Bay,2001-09-06,surface,8.9,36.0,3.5,170.0,90.0,100.0
1991,Hobsons Bay,Port Phillip  Bay,2001-09-06,surface,9.3,35.0,5.1,180.0,95.0,110.0
369,Long Reef,Port Phillip  Bay,2001-10-16,surface,8.2,36.0,3.0,190.0,100.0,120.0
1229,Central,Port Phillip  Bay,2001-10-16,surface,8.0,36.0,3.5,140.0,64.0,76.0
1911,Corio,Port Phillip  Bay,2001-10-16,surface,8.0,36.0,2.6,200.0,88.0,110.0
1991,Hobsons Bay,Port Phillip  Bay,2001-10-16,surface,8.0,35.0,3.1,160.0,77.0,91.0
369,Long Reef,Port Phillip  Bay,2001-11-28,surface,8.5,36.0,4.0,210.0,100.0,120.0
1229,Central,Port Phillip  Bay,2001-11-28,surface,8.4,35.0,3.7,160.0,62.0,77.0
1911,Corio,Port Phillip  Bay,2001-11-28,surface,8.8,36.0,2.6,190.0,77.0,91.0
1991,Hobsons Bay,Port Phillip  Bay,2001-11-28,surface,8.6,34.0,4.0,200.0,71.0,89.0
369,Long Reef,Port Phillip  Bay,2002-02-12,surface,8.5,36.0,6.2,180.0,84.0,100.0
1229,Central,Port Phillip  Bay,2002-02-12,surface,8.8,36.0,3.7,230.0,67.0,78.0
1911,Corio,Port Phillip  Bay,2002-02-12,surface,8.4,37.0,4.4,160.0,81.0,100.0
1991,Hobsons Bay,Port Phillip  Bay,2002-02-12,surface,8.4,33.0,5.5,450.0,74.0,98.0
369,Long Reef,Port Phillip  Bay,2002-04-23,surface,7.2,36.0,2.0,250.0,180.0,220.0
1229,Central,Port Phillip  Bay,2002-04-23,surface,7.4,36.0,3.0,170.0,67.0,82.0
1911,Corio,Port Phillip  Bay,2002-04-23,surface,7.4,37.0,4.8,200.0,84.0,100.0
1991,Hobsons Bay,Port Phillip  Bay,2002-04-23,surface,7.8,35.0,3.3,250.0,94.0,120.0
369,Long Reef,Port Phillip  Bay,2002-05-07,surface,7.6,36.0,3.2,220.0,170.0,190.0
1229,Central,Port Phillip  Bay,2002-05-07,surface,7.6,36.0,3.5,160.0,73.0,88.0
1911,Corio,Port Phillip  Bay,2002-05-07,surface,7.4,37.0,4.0,210.0,92.0,110.0
1991,Hobsons Bay,Port Phillip  Bay,2002-05-07,surface,7.6,36.0,2.6,180.0,84.0,100.0
369,Long Reef,Port Phillip  Bay,2002-08-02,surface,9.1,36.0,2.3,370.0,200.0,240.0
1229,Central,Port Phillip  Bay,2002-08-02,surface,8.7,36.0,3.9,140.0,58.0,74.0
1911,Corio,Port Phillip  Bay,2002-08-02,surface,8.6,37.0,2.2,190.0,83.0,100.0
1991,Hobsons Bay,Port Phillip  Bay,2002-08-02,surface,8.4,35.0,2.9,230.0,68.0,90.0
369,Long Reef,Port Phillip  Bay,2002-11-28,surface,7.0,37.0,4.4,200.0,84.0,110.0
1229,Central,Port Phillip  Bay,2002-11-28,surface,7.7,36.0,4.3,130.0,57.0,69.0
1911,Corio,Port Phillip  Bay,2002-11-28,surface,7.3,37.0,4.2,180.0,71.0,88.0
1991,Hobsons Bay,Port Phillip  Bay,2002-11-28,surface,6.7,34.0,5.6,260.0,82.0,110.0
369,Long Reef,Port Phillip  Bay,2003-02-04,surface,7.2,37.0,2.7,220.0,170.0,190.0
1229,Central,Port Phillip  Bay,2003-02-04,surface,7.1,37.0,1.3,150.0,58.0,73.0
1911,Corio,Port Phillip  Bay,2003-02-04,surface,7.3,38.0,1.7,180.0,81.0,96.0
1991,Hobsons Bay,Port Phillip  Bay,2003-02-04,surface,7.1,36.0,4.9,190.0,85.0,100.0
369,Long Reef,Port Phillip  Bay,2003-03-12,surface,6.9,37.0,3.7,190.0,100.0,110.0
1229,Central,Port Phillip  Bay,2003-03-12,surface,7.1,37.0,4.2,150.0,68.0,82.0
1911,Corio,Port Phillip  Bay,2003-03-12,surface,7.2,38.0,4.3,180.0,85.0,97.0
1991,Hobsons Bay,Port Phillip  Bay,2003-03-12,surface,7.0,37.0,3.4,170.0,82.0,96.0
369,Long Reef,Port Phillip  Bay,2003-03-27,surface,7.1,37.0,2.9,180.0,90.0,110.0
1229,Central,Port Phillip  Bay,2003-03-27,surface,7.3,37.0,3.5,150.0,68.0,79.0
1911,Corio,Port Phillip  Bay,2003-03-27,surface,7.3,38.0,3.1,180.0,85.0,100.0
1991,Hobsons Bay,Port Phillip  Bay,2003-03-27,surface,7.3,37.0,2.5,170.0,83.0,99.0
369,Long Reef,Port Phillip  Bay,2003-05-15,surface,8.2,35.0,,900.0,660.0,790.0
1229,Central,Port Phillip  Bay,2003-05-15,surface,7.6,36.0,2.1,100.0,68.0,70.0
1911,Corio,Port Phillip  Bay,2003-05-15,surface,7.8,38.0,1.8,200.0,93.0,120.0
1991,Hobsons Bay,Port Phillip  Bay,2003-05-15,surface,7.6,,,160.0,91.0,110.0
369,Long Reef,Port Phillip  Bay,2003-05-29,surface,8.1,37.0,3.6,180.0,140.0,160.0
1229,Central,Port Phillip  Bay,2003-05-29,surface,7.7,37.0,3.5,120.0,64.0,77.0
1911,Corio,Port Phillip  Bay,2003-05-29,surface,8.2,38.0,3.5,160.0,88.0,100.0
1991,Hobsons Bay,Port Phillip  Bay,2003-05-29,surface,7.8,36.0,4.0,140.0,69.0,83.0
369,Long Reef,Port Phillip  Bay,2003-06-25,surface,8.9,37.0,2.4,260.0,150.0,170.0
1229,Central,Port Phillip  Bay,2003-06-25,surface,8.4,37.0,4.8,120.0,34.0,75.0
1911,Corio,Port Phillip  Bay,2003-06-25,surface,8.6,38.0,1.7,210.0,100.0,110.0
1991,Hobsons Bay,Port Phillip  Bay,2003-06-25,surface,8.3,37.0,3.8,140.0,71.0,83.0
369,Long Reef,Port Phillip  Bay,2003-09-08,surface,9.8,37.0,2.2,340.0,170.0,200.0
1229,Central,Port Phillip  Bay,2003-09-08,surface,8.7,36.0,3.1,130.0,51.0,68.0
1911,Corio,Port Phillip  Bay,2003-09-08,surface,8.8,35.0,2.2,170.0,92.0,110.0
1991,Hobsons Bay,Port Phillip  Bay,2003-09-08,surface,8.8,37.0,2.8,170.0,67.0,85.0
369,Long Reef,Port Phillip  Bay,2003-12-03,surface,7.4,37.0,3.3,200.0,120.0,150.0
1229,Central,Port Phillip  Bay,2003-12-03,surface,7.6,36.0,3.0,130.0,46.0,61.0
1911,Corio,Port Phillip  Bay,2003-12-03,surface,7.4,37.0,2.5,170.0,79.0,95.0
1991,Hobsons Bay,Port Phillip  Bay,2003-12-03,surface,7.3,33.0,4.0,290.0,64.0,93.0
369,Long Reef,Port Phillip  Bay,2004-01-13,surface,7.3,37.0,2.3,180.0,70.0,89.0
1229,Central,Port Phillip  Bay,2004-01-13,surface,7.1,36.0,4.4,160.0,48.0,64.0
1911,Corio,Port Phillip  Bay,2004-01-13,surface,7.3,38.0,4.5,200.0,100.0,130.0
1991,Hobsons Bay,Port Phillip  Bay,2004-01-13,surface,7.1,34.0,4.4,230.0,40.0,90.0
369,Long Reef,Port Phillip  Bay,2004-02-04,surface,7.3,37.0,1.8,170.0,67.0,81.0
1229,Central,Port Phillip  Bay,2004-02-04,surface,7.4,37.0,2.8,140.0,49.0,61.0
1911,Corio,Port Phillip  Bay,2004-02-04,surface,6.8,38.0,6.3,200.0,100.0,120.0
1991,Hobsons Bay,Port Phillip  Bay,2004-02-04,surface,8.0,31.0,8.3,310.0,58.0,95.0
369,Long Reef,Port Phillip  Bay,2004-04-21,surface,7.4,38.0,3.6,320.0,190.0,200.0
1229,Central,Port Phillip  Bay,2004-04-21,surface,7.4,37.0,3.2,150.0,68.0,80.0
1911,Corio,Port Phillip  Bay,2004-04-21,surface,7.3,38.0,1.2,210.0,110.0,130.0
1991,Hobsons Bay,Port Phillip  Bay,2004-04-21,surface,7.4,37.0,4.5,190.0,80.0,96.0
369,Long Reef,Port Phillip  Bay,2004-07-29,surface,8.7,37.0,7.4,380.0,170.0,190.0
1229,Central,Port Phillip  Bay,2004-07-29,surface,8.7,36.0,2.4,130.0,46.0,59.0
1911,Corio,Port Phillip  Bay,2004-07-29,surface,8.6,37.0,3.9,170.0,92.0,110.0
1991,Hobsons Bay,Port Phillip  Bay,2004-07-29,surface,8.7,37.0,9.1,160.0,62.0,77.0
369,Long Reef,Port Phillip  Bay,2004-08-17,surface,8.6,37.0,3.8,310.0,140.0,160.0
1229,Central,Port Phillip  Bay,2004-08-17,surface,8.9,36.0,3.0,110.0,55.0,67.0
1911,Corio,Port Phillip  Bay,2004-08-17,surface,8.9,37.0,3.0,160.0,88.0,100.0
1911,Corio,Port Phillip  Bay,2004-08-17,surface,8.9,38.0,1.7,140.0,52.0,64.0
1991,Hobsons Bay,Port Phillip  Bay,2004-08-17,surface,9.0,35.0,5.9,220.0,86.0,110.0
369,Long Reef,Port Phillip  Bay,2004-09-30,surface,9.3,36.0,10.0,300.0,140.0,170.0
1229,Central,Port Phillip  Bay,2004-09-30,surface,8.1,36.0,2.6,130.0,50.0,67.0
1282,Dromana,Port Phillip  Bay,2004-09-30,surface,8.1,36.0,1.5,150.0,51.0,62.0
1911,Corio,Port Phillip  Bay,2004-09-30,surface,8.2,37.0,7.4,190.0,74.0,94.0
1991,Hobsons Bay,Port Phillip  Bay,2004-09-30,surface,8.4,34.0,2.9,200.0,61.0,86.0
369,Long Reef,Port Phillip  Bay,2004-10-20,surface,8.2,36.0,10.0,230.0,130.0,160.0
1229,Central,Port Phillip  Bay,2004-10-20,surface,7.9,36.0,2.6,140.0,56.0,70.0
1282,Dromana,Port Phillip  Bay,2004-10-20,surface,7.7,36.0,2.6,120.0,41.0,54.0
1991,Hobsons Bay,Port Phillip  Bay,2004-10-20,surface,7.8,32.0,2.5,250.0,57.0,76.0
1991,Hobsons Bay,Port Phillip  Bay,2004-10-20,surface,8.1,37.0,6.4,190.0,73.0,97.0
369,Long Reef,Port Phillip  Bay,2005-04-27,surface,7.4,36.0,2.5,200.0,140.0,160.0
1229,Central,Port Phillip  Bay,2005-04-27,surface,7.4,36.0,1.7,150.0,52.0,70.0
1282,Dromana,Port Phillip  Bay,2005-04-27,surface,7.4,36.0,3.8,170.0,61.0,80.0
1911,Corio,Port Phillip  Bay,2005-04-27,surface,7.2,37.0,4.4,220.0,77.0,110.0
1991,Hobsons Bay,Port Phillip  Bay,2005-04-27,surface,7.3,34.0,3.9,190.0,70.0,85.0
369,Long Reef,Port Phillip  Bay,2005-05-13,surface,8.0,36.0,2.1,200.0,110.0,130.0
1229,Central,Port Phillip  Bay,2005-05-13,surface,7.6,36.0,2.3,180.0,68.0,88.0
1282,Dromana,Port Phillip  Bay,2005-05-13,surface,7.7,36.0,7.2,150.0,43.0,55.0
1911,Corio,Port Phillip  Bay,2005-05-13,surface,7.7,37.0,5.7,210.0,81.0,99.0
1991,Hobsons Bay,Port Phillip  Bay,2005-05-13,surface,7.7,35.0,4.8,210.0,77.0,97.0
369,Long Reef,Port Phillip  Bay,2005-08-24,surface,8.6,36.0,3.6,160.0,100.0,120.0
939,Patterson River,Port Phillip  Bay,2005-08-24,surface,8.8,32.0,7.6,250.0,55.0,71.0
1229,Central,Port Phillip  Bay,2005-08-24,surface,8.6,36.0,3.3,130.0,58.0,70.0
1282,Dromana,Port Phillip  Bay,2005-08-24,surface,8.6,36.0,8.5,110.0,35.0,45.0
1911,Corio,Port Phillip  Bay,2005-08-24,surface,8.5,37.0,4.2,170.0,74.0,87.0
1991,Hobsons Bay,Port Phillip  Bay,2005-08-24,surface,8.2,34.0,5.7,200.0,59.0,76.0
939,Patterson River,Port Phillip  Bay,2005-09-01,surface,8.7,33.0,14.0,290.0,75.0,100.0
1282,Dromana,Port Phillip  Bay,2005-09-01,surface,8.8,35.0,6.7,160.0,41.0,57.0
1229,Central,Port Phillip  Bay,2005-09-02,surface,8.6,36.0,2.6,150.0,53.0,68.0
1991,Hobsons Bay,Port Phillip  Bay,2005-09-02,surface,8.7,31.0,4.5,270.0,58.0,73.0
1229,Central,Port Phillip  Bay,2005-09-23,surface,9.3,36.0,4.8,150.0,55.0,72.0
1991,Hobsons Bay,Port Phillip  Bay,2005-09-23,surface,8.9,36.0,4.8,180.0,56.0,75.0
1229,Central,Port Phillip  Bay,2005-09-27,surface,8.6,35.0,3.0,140.0,58.0,74.0
1991,Hobsons Bay,Port Phillip  Bay,2005-09-27,surface,8.5,36.0,3.9,200.0,59.0,79.0
369,Long Reef,Port Phillip  Bay,2005-10-18,surface,8.8,36.0,2.9,180.0,70.0,91.0
1229,Central,Port Phillip  Bay,2005-10-18,surface,8.2,36.0,2.6,130.0,53.0,68.0
1911,Corio,Port Phillip  Bay,2005-10-18,surface,8.3,36.0,5.3,220.0,66.0,90.0
1991,Hobsons Bay,Port Phillip  Bay,2005-10-18,surface,8.2,35.0,3.5,200.0,92.0,120.0
939,Patterson River,Port Phillip  Bay,2005-10-28,surface,9.0,34.0,4.0,240.0,73.0,96.0
1282,Dromana,Port Phillip  Bay,2005-10-28,surface,8.8,35.0,6.4,170.0,53.0,74.0
369,Long Reef,Port Phillip  Bay,2005-11-16,surface,7.4,36.0,6.6,240.0,110.0,150.0
939,Patterson River,Port Phillip  Bay,2005-11-16,surface,7.7,33.0,5.1,240.0,45.0,70.0
1229,Central,Port Phillip  Bay,2005-11-16,surface,8.1,36.0,6.0,150.0,36.0,61.0
1911,Corio,Port Phillip  Bay,2005-11-16,surface,7.5,36.0,4.0,210.0,69.0,93.0
1991,Hobsons Bay,Port Phillip  Bay,2005-11-16,surface,7.6,32.0,8.0,280.0,57.0,97.0
369,Long Reef,Port Phillip  Bay,2006-02-01,surface,6.2,37.0,6.0,270.0,170.0,200.0
939,Patterson River,Port Phillip  Bay,2006-02-01,surface,7.1,31.0,8.1,230.0,64.0,70.0
1229,Central,Port Phillip  Bay,2006-02-01,surface,7.1,36.0,7.4,150.0,49.0,72.0
1282,Dromana,Port Phillip  Bay,2006-02-01,surface,6.7,36.0,5.3,170.0,61.0,80.0
1911,Corio,Port Phillip  Bay,2006-02-01,surface,6.7,37.0,7.0,230.0,81.0,91.0
1991,Hobsons Bay,Port Phillip  Bay,2006-02-01,surface,6.8,34.0,7.7,240.0,75.0,96.0
369,Long Reef,Port Phillip  Bay,2006-06-20,surface,8.8,37.0,5.1,210.0,110.0,170.0
939,Patterson River,Port Phillip  Bay,2006-06-20,surface,8.6,36.0,3.5,150.0,78.0,120.0
1229,Central,Port Phillip  Bay,2006-06-20,surface,8.4,37.0,3.5,160.0,70.0,73.0
1282,Dromana,Port Phillip  Bay,2006-06-20,surface,8.4,36.0,5.0,140.0,55.0,73.0
1991,Hobsons Bay,Port Phillip  Bay,2006-06-21,surface,8.2,36.0,5.9,210.0,86.0,130.0
369,Long Reef,Port Phillip  Bay,2006-07-14,surface,8.8,36.0,1.5,400.0,210.0,230.0
939,Patterson River,Port Phillip  Bay,2006-07-14,surface,8.6,35.0,1.5,210.0,61.0,84.0
1229,Central,Port Phillip  Bay,2006-07-14,surface,8.5,36.0,0.5,150.0,67.0,79.0
1282,Dromana,Port Phillip  Bay,2006-07-14,surface,8.4,36.0,0.8,140.0,57.0,68.0
1991,Hobsons Bay,Port Phillip  Bay,2006-07-14,surface,8.5,35.0,2.0,200.0,74.0,85.0
369,Long Reef,Port Phillip  Bay,2007-05-12,surface,8.1,38.0,1.0,170.0,92.0,120.0
939,Patterson River,Port Phillip  Bay,2007-05-12,surface,8.0,36.0,1.7,230.0,64.0,79.0
1229,Central,Port Phillip  Bay,2007-05-12,surface,7.7,38.0,1.9,140.0,57.0,76.0
1282,Dromana,Port Phillip  Bay,2007-05-12,surface,8.0,37.0,0.8,120.0,42.0,53.0
1911,Corio,Port Phillip  Bay,2007-05-12,surface,7.7,38.0,1.9,180.0,77.0,92.0
1991,Hobsons Bay,Port Phillip  Bay,2007-05-12,surface,8.2,37.0,1.3,160.0,65.0,87.0
369,Long Reef,Port Phillip  Bay,2007-07-11,surface,9.1,37.0,5.7,,100.0,120.0
939,Patterson River,Port Phillip  Bay,2007-07-11,surface,9.1,37.0,2.6,,59.0,70.0
1229,Central,Port Phillip  Bay,2007-07-11,surface,9.0,37.0,1.1,,55.0,66.0
1282,Dromana,Port Phillip  Bay,2007-07-11,surface,8.8,37.0,2.2,,44.0,63.0
1911,Corio,Port Phillip  Bay,2007-07-11,surface,9.0,37.0,3.4,,67.0,95.0
1991,Hobsons Bay,Port Phillip  Bay,2007-07-11,surface,8.8,37.0,3.2,,58.0,68.0
369,Long Reef,Port Phillip  Bay,2007-08-23,surface,8.5,37.0,4.6,,120.0,150.0
939,Patterson River,Port Phillip  Bay,2007-08-23,surface,8.9,37.0,5.4,,52.0,70.0
1229,Central,Port Phillip  Bay,2007-08-23,surface,8.8,37.0,1.4,,52.0,63.0
1282,Dromana,Port Phillip  Bay,2007-08-23,surface,8.8,37.0,1.4,,50.0,66.0
1911,Corio,Port Phillip  Bay,2007-08-23,surface,8.7,37.0,1.2,,65.0,81.0
1991,Hobsons Bay,Port Phillip  Bay,2007-08-23,surface,8.9,36.0,2.2,,67.0,85.0
939,Patterson River,Port Phillip  Bay,2007-11-01,surface,8.0,37.0,3.6,190.0,79.0,99.0
1229,Central,Port Phillip  Bay,2007-11-01,surface,8.2,37.0,7.4,140.0,49.0,61.0
1282,Dromana,Port Phillip  Bay,2007-11-01,surface,8.1,37.0,3.2,120.0,30.0,45.0
2097,DMG (B),Port Phillip  Bay,2007-11-01,surface,8.3,37.0,3.1,140.0,44.0,67.0
2098,Middle Ground Shelf,Port Phillip  Bay,2007-11-01,surface,8.1,37.0,3.5,120.0,37.0,49.0
2099,Sorrento,Port Phillip  Bay,2007-11-01,surface,8.1,36.0,3.5,100.0,24.0,34.0
2100,Popes Eye,Port Phillip  Bay,2007-11-01,surface,8.1,36.0,2.7,94.0,11.0,24.0
369,Long Reef,Port Phillip  Bay,2007-11-09,surface,8.3,36.0,7.8,420.0,390.0,340.0
1911,Corio,Port Phillip  Bay,2007-11-09,surface,7.5,37.0,6.0,170.0,61.0,75.0
1991,Hobsons Bay,Port Phillip  Bay,2007-11-09,surface,7.7,36.0,6.3,170.0,59.0,88.0
2096,Newport,Port Phillip  Bay,2007-11-12,surface,8.6,35.0,4.3,190.0,53.0,83.0
1282,Dromana,Port Phillip  Bay,2007-11-29,surface,7.8,37.0,1.0,140.0,53.0,65.0
2098,Middle Ground Shelf,Port Phillip  Bay,2007-11-29,surface,7.9,37.0,2.0,130.0,48.0,65.0
2099,Sorrento,Port Phillip  Bay,2007-11-29,surface,7.9,36.0,1.4,120.0,28.0,47.0
2100,Popes Eye,Port Phillip  Bay,2007-11-29,surface,8.3,36.0,1.3,84.0,5.7,18.0
1911,Corio,Port Phillip  Bay,2007-12-13,surface,8.2,38.0,7.5,190.0,74.0,93.0
1991,Hobsons Bay,Port Phillip  Bay,2007-12-13,surface,8.2,36.0,9.3,180.0,70.0,91.0
2096,Newport,Port Phillip  Bay,2007-12-13,surface,8.8,34.0,8.6,250.0,63.0,95.0
2096,Newport,Port Phillip  Bay,2008-01-11,surface,6.9,36.0,4.5,210.0,63.0,100.0
1282,Dromana,Port Phillip  Bay,2008-01-22,surface,7.2,37.0,2.7,140.0,43.0,62.0
2098,Middle Ground Shelf,Port Phillip  Bay,2008-01-22,surface,7.1,37.0,1.6,130.0,43.0,59.0
2099,Sorrento,Port Phillip  Bay,2008-01-22,surface,7.2,36.0,2.3,100.0,23.0,30.0
2100,Popes Eye,Port Phillip  Bay,2008-01-22,surface,7.3,36.0,1.4,90.0,6.0,11.0
369,Long Reef,Port Phillip  Bay,2008-01-23,surface,7.1,38.0,3.6,170.0,67.0,88.0
939,Patterson River,Port Phillip  Bay,2008-01-23,surface,7.7,37.0,2.7,190.0,54.0,59.0
1229,Central,Port Phillip  Bay,2008-01-23,surface,7.4,37.0,1.5,140.0,54.0,70.0
1911,Corio,Port Phillip  Bay,2008-01-23,surface,7.6,38.0,2.5,200.0,75.0,100.0
1991,Hobsons Bay,Port Phillip  Bay,2008-01-23,surface,7.3,37.0,2.7,160.0,62.0,83.0
2097,DMG (B),Port Phillip  Bay,2008-01-23,surface,7.0,37.0,1.6,160.0,58.0,76.0
2096,Newport,Port Phillip  Bay,2008-02-13,surface,7.1,36.0,6.3,240.0,65.0,110.0
939,Patterson River,Port Phillip  Bay,2008-02-21,surface,7.7,37.0,3.4,160.0,58.0,78.0
1282,Dromana,Port Phillip  Bay,2008-02-21,surface,7.5,37.0,2.5,160.0,53.0,71.0
2098,Middle Ground Shelf,Port Phillip  Bay,2008-02-25,surface,7.3,37.0,2.5,150.0,38.0,76.0
2099,Sorrento,Port Phillip  Bay,2008-02-25,surface,7.3,37.0,1.8,120.0,30.0,46.0
2100,Popes Eye,Port Phillip  Bay,2008-02-25,surface,7.4,37.0,1.6,120.0,40.0,53.0
369,Long Reef,Port Phillip  Bay,2008-02-27,surface,7.8,38.0,1.6,160.0,61.0,88.0
1229,Central,Port Phillip  Bay,2008-02-27,surface,7.4,37.0,2.1,160.0,56.0,79.0
1911,Corio,Port Phillip  Bay,2008-02-27,surface,7.6,38.0,3.6,200.0,75.0,110.0
1991,Hobsons Bay,Port Phillip  Bay,2008-02-27,surface,7.9,36.0,3.6,190.0,65.0,96.0
2097,DMG (B),Port Phillip  Bay,2008-02-27,surface,7.6,37.0,2.1,150.0,54.0,77.0
1282,Dromana,Port Phillip  Bay,2008-03-12,surface,7.1,37.0,1.5,150.0,48.0,65.0
369,Long Reef,Port Phillip  Bay,2008-03-19,surface,7.3,38.0,3.2,210.0,88.0,120.0
939,Patterson River,Port Phillip  Bay,2008-03-19,surface,7.4,38.0,2.0,170.0,60.0,82.0
1229,Central,Port Phillip  Bay,2008-03-19,surface,7.3,37.0,1.9,160.0,58.0,73.0
1911,Corio,Port Phillip  Bay,2008-03-19,surface,7.0,38.0,4.7,210.0,72.0,100.0
1991,Hobsons Bay,Port Phillip  Bay,2008-03-19,surface,7.4,37.0,9.0,180.0,61.0,84.0
2096,Newport,Port Phillip  Bay,2008-03-19,surface,7.0,37.0,7.2,200.0,65.0,90.0
2097,DMG (B),Port Phillip  Bay,2008-03-19,surface,7.5,37.0,1.9,170.0,54.0,73.0
2098,Middle Ground Shelf,Port Phillip  Bay,2008-03-28,surface,8.0,37.0,1.3,160.0,47.0,65.0
2099,Sorrento,Port Phillip  Bay,2008-03-28,surface,7.8,37.0,0.88,170.0,36.0,51.0
2100,Popes Eye,Port Phillip  Bay,2008-03-28,surface,7.9,37.0,0.36,160.0,48.0,64.0
1282,Dromana,Port Phillip  Bay,2008-04-15,surface,7.7,37.0,1.4,140.0,49.0,58.0
2098,Middle Ground Shelf,Port Phillip  Bay,2008-04-15,surface,7.9,37.0,1.2,140.0,44.0,51.0
2099,Sorrento,Port Phillip  Bay,2008-04-15,surface,8.1,37.0,0.56,130.0,36.0,43.0
2100,Popes Eye,Port Phillip  Bay,2008-04-15,surface,7.9,37.0,1.2,120.0,31.0,37.0
369,Long Reef,Port Phillip  Bay,2008-04-16,surface,7.6,38.0,0.91,170.0,79.0,89.0
1229,Central,Port Phillip  Bay,2008-04-16,surface,7.5,38.0,1.6,160.0,70.0,80.0
1911,Corio,Port Phillip  Bay,2008-04-16,surface,7.5,39.0,2.5,190.0,82.0,93.0
1991,Hobsons Bay,Port Phillip  Bay,2008-04-16,surface,7.6,38.0,2.1,160.0,75.0,89.0
2097,DMG (B),Port Phillip  Bay,2008-04-16,surface,7.5,38.0,1.3,160.0,71.0,84.0
939,Patterson River,Port Phillip  Bay,2008-04-18,surface,8.8,37.0,0.92,150.0,67.0,78.0
2096,Newport,Port Phillip  Bay,2008-04-18,surface,8.6,35.0,2.8,290.0,84.0,100.0
369,Long Reef,Port Phillip  Bay,2008-05-13,surface,8.0,38.0,1.2,180.0,77.0,91.0
1229,Central,Port Phillip  Bay,2008-05-13,surface,7.8,38.0,0.37,160.0,63.0,74.0
1911,Corio,Port Phillip  Bay,2008-05-13,surface,7.8,39.0,1.9,200.0,76.0,96.0
1991,Hobsons Bay,Port Phillip  Bay,2008-05-13,surface,7.8,37.0,2.5,200.0,67.0,81.0
2096,Newport,Port Phillip  Bay,2008-05-13,surface,7.5,36.0,3.8,240.0,72.0,89.0
2097,DMG (B),Port Phillip  Bay,2008-05-13,surface,7.8,38.0,0.83,180.0,64.0,75.0
939,Patterson River,Port Phillip  Bay,2008-05-14,surface,8.3,37.0,3.2,170.0,66.0,78.0
1282,Dromana,Port Phillip  Bay,2008-05-14,surface,7.9,37.0,1.6,160.0,61.0,69.0
2098,Middle Ground Shelf,Port Phillip  Bay,2008-05-14,surface,8.2,37.0,1.0,140.0,48.0,56.0
2099,Sorrento,Port Phillip  Bay,2008-05-14,surface,8.1,36.0,1.5,130.0,23.0,28.0
2100,Popes Eye,Port Phillip  Bay,2008-05-14,surface,8.2,36.0,1.2,130.0,6.8,12.0
1229,Central,Port Phillip  Bay,2008-06-16,surface,8.2,37.0,0.74,140.0,58.0,69.0
1991,Hobsons Bay,Port Phillip  Bay,2008-06-16,surface,8.1,37.0,1.5,140.0,63.0,77.0
2096,Newport,Port Phillip  Bay,2008-06-16,surface,7.9,34.0,2.9,360.0,67.0,83.0
2097,DMG (B),Port Phillip  Bay,2008-06-16,surface,8.2,37.0,0.093,140.0,58.0,71.0
939,Patterson River,Port Phillip  Bay,2008-06-17,surface,8.4,35.0,1.1,210.0,64.0,78.0
1282,Dromana,Port Phillip  Bay,2008-06-17,surface,8.1,37.0,0.37,190.0,59.0,73.0
2098,Middle Ground Shelf,Port Phillip  Bay,2008-06-17,surface,8.2,37.0,0.46,130.0,45.0,57.0
2099,Sorrento,Port Phillip  Bay,2008-06-17,surface,8.1,37.0,0.27,120.0,38.0,49.0
2100,Popes Eye,Port Phillip  Bay,2008-06-17,surface,8.2,37.0,0.37,130.0,39.0,48.0
369,Long Reef,Port Phillip  Bay,2008-06-18,surface,8.5,37.0,4.3,330.0,160.0,190.0
1911,Corio,Port Phillip  Bay,2008-06-18,surface,8.3,38.0,4.2,180.0,72.0,88.0
1229,Central,Port Phillip  Bay,2008-07-15,surface,8.5,37.0,1.3,130.0,57.0,70.0
1991,Hobsons Bay,Port Phillip  Bay,2008-07-15,surface,12.0,37.0,2.8,150.0,54.0,66.0
2096,Newport,Port Phillip  Bay,2008-07-15,surface,8.0,35.0,21.0,230.0,49.0,73.0
2097,DMG (B),Port Phillip  Bay,2008-07-15,surface,8.5,37.0,0.79,120.0,46.0,68.0
939,Patterson River,Port Phillip  Bay,2008-07-16,surface,8.8,37.0,1.3,140.0,57.0,69.0
1282,Dromana,Port Phillip  Bay,2008-07-16,surface,8.8,37.0,0.19,120.0,39.0,50.0
2098,Middle Ground Shelf,Port Phillip  Bay,2008-07-16,surface,8.7,37.0,1.3,110.0,39.0,51.0
2099,Sorrento,Port Phillip  Bay,2008-07-16,surface,8.7,36.0,0.56,120.0,35.0,44.0
2100,Popes Eye,Port Phillip  Bay,2008-07-16,surface,8.4,37.0,0.36,110.0,37.0,46.0
369,Long Reef,Port Phillip  Bay,2008-07-17,surface,8.9,37.0,2.7,440.0,200.0,230.0
1911,Corio,Port Phillip  Bay,2008-07-17,surface,8.6,38.0,5.9,150.0,77.0,92.0
369,Long Reef,Port Phillip  Bay,2008-08-12,surface,8.7,37.0,0.93,150.0,82.0,92.0
1911,Corio,Port Phillip  Bay,2008-08-12,surface,8.6,38.0,4.6,150.0,76.0,87.0
2096,Newport,Port Phillip  Bay,2008-08-12,surface,8.2,35.0,7.1,200.0,63.0,76.0
939,Patterson River,Port Phillip  Bay,2008-08-16,surface,9.0,36.0,3.4,160.0,59.0,77.0
1229,Central,Port Phillip  Bay,2008-08-16,surface,8.8,37.0,1.1,130.0,51.0,62.0
1991,Hobsons Bay,Port Phillip  Bay,2008-08-16,surface,8.9,37.0,5.6,170.0,100.0,120.0
2097,DMG (B),Port Phillip  Bay,2008-08-16,surface,8.8,37.0,1.1,130.0,56.0,63.0
1282,Dromana,Port Phillip  Bay,2008-08-17,surface,8.9,37.0,1.4,130.0,42.0,56.0
2098,Middle Ground Shelf,Port Phillip  Bay,2008-08-17,surface,9.0,37.0,1.8,130.0,49.0,55.0
2099,Sorrento,Port Phillip  Bay,2008-08-17,surface,8.8,36.0,1.4,120.0,29.0,33.0
2100,Popes Eye,Port Phillip  Bay,2008-08-17,surface,8.8,36.0,0.87,97.0,8.2,18.0
369,Long Reef,Port Phillip  Bay,2008-09-16,surface,8.1,37.0,2.1,190.0,80.0,99.0
1229,Central,Port Phillip  Bay,2008-09-16,surface,8.3,37.0,1.1,150.0,52.0,70.0
1911,Corio,Port Phillip  Bay,2008-09-16,surface,7.9,38.0,3.8,190.0,64.0,82.0
2097,DMG (B),Port Phillip  Bay,2008-09-16,surface,8.3,37.0,0.87,150.0,53.0,70.0
939,Patterson River,Port Phillip  Bay,2008-09-17,surface,7.8,37.0,1.9,160.0,61.0,78.0
1282,Dromana,Port Phillip  Bay,2008-09-17,surface,8.2,36.0,1.0,120.0,25.0,37.0
2098,Middle Ground Shelf,Port Phillip  Bay,2008-09-17,surface,8.2,37.0,1.0,130.0,40.0,56.0
2099,Sorrento,Port Phillip  Bay,2008-09-17,surface,8.1,36.0,1.3,110.0,24.0,36.0
2100,Popes Eye,Port Phillip  Bay,2008-09-17,surface,8.1,36.0,0.48,100.0,14.0,27.0
1991,Hobsons Bay,Port Phillip  Bay,2008-09-18,surface,8.0,36.0,22.0,190.0,53.0,80.0
2096,Newport,Port Phillip  Bay,2008-09-18,surface,7.7,33.0,5.4,310.0,56.0,75.0
369,Long Reef,Port Phillip  Bay,2008-10-14,surface,8.2,37.0,1.6,190.0,80.0,97.0
1911,Corio,Port Phillip  Bay,2008-10-14,surface,8.1,38.0,1.6,220.0,64.0,86.0
2096,Newport,Port Phillip  Bay,2008-10-14,surface,8.1,36.0,5.4,210.0,93.0,110.0
939,Patterson River,Port Phillip  Bay,2008-10-15,surface,8.0,37.0,0.8,140.0,52.0,65.0
1282,Dromana,Port Phillip  Bay,2008-10-15,surface,8.0,37.0,0.97,130.0,39.0,52.0
2098,Middle Ground Shelf,Port Phillip  Bay,2008-10-15,surface,8.2,37.0,0.91,120.0,43.0,54.0
2099,Sorrento,Port Phillip  Bay,2008-10-15,surface,8.0,37.0,1.3,120.0,36.0,46.0
2100,Popes Eye,Port Phillip  Bay,2008-10-15,surface,8.0,37.0,0.4,110.0,33.0,43.0
1229,Central,Port Phillip  Bay,2008-10-16,surface,8.2,37.0,0.87,120.0,48.0,60.0
1991,Hobsons Bay,Port Phillip  Bay,2008-10-16,surface,8.0,37.0,4.3,180.0,97.0,110.0
2097,DMG (B),Port Phillip  Bay,2008-10-16,surface,8.2,37.0,0.48,140.0,52.0,63.0
939,Patterson River,Port Phillip  Bay,2008-11-11,surface,7.5,37.0,0.67,150.0,63.0,82.0
1229,Central,Port Phillip  Bay,2008-11-11,surface,7.6,37.0,0.28,130.0,46.0,61.0
1282,Dromana,Port Phillip  Bay,2008-11-11,surface,7.8,37.0,0.58,120.0,34.0,47.0
2098,Middle Ground Shelf,Port Phillip  Bay,2008-11-11,surface,7.6,37.0,0.6,120.0,34.0,45.0
2099,Sorrento,Port Phillip  Bay,2008-11-11,surface,7.7,36.0,0.59,98.0,20.0,29.0
2100,Popes Eye,Port Phillip  Bay,2008-11-11,surface,7.6,36.0,0.87,100.0,16.0,27.0
369,Long Reef,Port Phillip  Bay,2008-11-12,surface,8.1,37.0,0.48,230.0,160.0,200.0
1911,Corio,Port Phillip  Bay,2008-11-12,surface,7.9,38.0,0.74,170.0,56.0,74.0
1991,Hobsons Bay,Port Phillip  Bay,2008-11-12,surface,7.3,35.0,2.6,210.0,71.0,100.0
2096,Newport,Port Phillip  Bay,2008-11-12,surface,7.1,35.0,3.5,240.0,73.0,96.0
2097,DMG (B),Port Phillip  Bay,2008-11-12,surface,7.5,37.0,0.49,130.0,47.0,59.0
939,Patterson River,Port Phillip  Bay,2008-12-08,surface,7.3,36.0,2.2,190.0,48.0,67.0
1229,Central,Port Phillip  Bay,2008-12-08,surface,7.3,37.0,0.96,140.0,44.0,59.0
1282,Dromana,Port Phillip  Bay,2008-12-08,surface,7.8,37.0,1.3,160.0,31.0,46.0
1991,Hobsons Bay,Port Phillip  Bay,2008-12-08,surface,7.1,37.0,2.4,250.0,54.0,73.0
2096,Newport,Port Phillip  Bay,2008-12-08,surface,8.0,34.0,4.8,210.0,46.0,74.0
2097,DMG (B),Port Phillip  Bay,2008-12-08,surface,7.3,37.0,0.58,140.0,44.0,60.0
2098,Middle Ground Shelf,Port Phillip  Bay,2008-12-08,surface,7.2,37.0,0.67,130.0,37.0,50.0
369,Long Reef,Port Phillip  Bay,2008-12-09,surface,7.3,37.0,1.2,160.0,41.0,64.0
1911,Corio,Port Phillip  Bay,2008-12-09,surface,7.3,38.0,1.0,180.0,53.0,70.0
2099,Sorrento,Port Phillip  Bay,2008-12-09,surface,7.3,36.0,0.67,120.0,27.0,39.0
2100,Popes Eye,Port Phillip  Bay,2008-12-09,surface,7.6,36.0,0.091,91.0,7.5,15.0
939,Patterson River,Port Phillip  Bay,2009-01-12,surface,7.3,37.0,0.67,140.0,51.0,57.0
1229,Central,Port Phillip  Bay,2009-01-12,surface,7.2,37.0,0.19,170.0,50.0,57.0
1282,Dromana,Port Phillip  Bay,2009-01-12,surface,7.3,37.0,0.39,140.0,42.0,54.0
2097,DMG (B),Port Phillip  Bay,2009-01-12,surface,7.2,37.0,1.3,150.0,52.0,63.0
2098,Middle Ground Shelf,Port Phillip  Bay,2009-01-12,surface,7.2,37.0,0.39,140.0,41.0,44.0
2099,Sorrento,Port Phillip  Bay,2009-01-12,surface,7.7,36.0,0.56,94.0,11.0,15.0
2100,Popes Eye,Port Phillip  Bay,2009-01-12,surface,7.6,36.0,0.29,84.0,3.3,10.0
369,Long Reef,Port Phillip  Bay,2009-01-13,surface,7.0,38.0,1.3,200.0,84.0,100.0
1911,Corio,Port Phillip  Bay,2009-01-13,surface,7.2,38.0,1.2,200.0,58.0,71.0
1991,Hobsons Bay,Port Phillip  Bay,2009-01-13,surface,6.8,37.0,3.9,190.0,61.0,81.0
2096,Newport,Port Phillip  Bay,2009-01-13,surface,6.4,36.0,21.0,240.0,61.0,87.0
939,Patterson River,Port Phillip  Bay,2009-02-10,surface,6.8,37.0,0.59,180.0,49.0,64.0
1229,Central,Port Phillip  Bay,2009-02-10,surface,6.8,37.0,1.6,170.0,46.0,60.0
1282,Dromana,Port Phillip  Bay,2009-02-10,surface,6.8,37.0,0.47,160.0,37.0,54.0
2097,DMG (B),Port Phillip  Bay,2009-02-10,surface,6.7,37.0,1.7,170.0,44.0,60.0
2099,Sorrento,Port Phillip  Bay,2009-02-10,surface,7.2,36.0,0.37,120.0,11.0,25.0
2100,Popes Eye,Port Phillip  Bay,2009-02-10,surface,7.3,36.0,0.39,120.0,2.1,18.0
369,Long Reef,Port Phillip  Bay,2009-02-11,surface,6.8,38.0,4.6,220.0,61.0,83.0
1911,Corio,Port Phillip  Bay,2009-02-11,surface,6.7,39.0,4.2,230.0,64.0,82.0
1991,Hobsons Bay,Port Phillip  Bay,2009-02-11,surface,6.9,37.0,5.1,190.0,49.0,62.0
2096,Newport,Port Phillip  Bay,2009-02-11,surface,6.4,36.0,25.0,270.0,63.0,94.0
2098,Middle Ground Shelf,Port Phillip  Bay,2009-02-11,surface,6.7,37.0,0.77,160.0,44.0,52.0
939,Patterson River,Port Phillip  Bay,2009-03-10,surface,7.2,37.0,0.89,140.0,42.0,58.0
1229,Central,Port Phillip  Bay,2009-03-10,surface,7.0,38.0,1.4,150.0,48.0,64.0
1282,Dromana,Port Phillip  Bay,2009-03-10,surface,7.1,37.0,0.9,140.0,34.0,45.0
2097,DMG (B),Port Phillip  Bay,2009-03-10,surface,7.0,38.0,1.6,160.0,53.0,68.0
2098,Middle Ground Shelf,Port Phillip  Bay,2009-03-10,surface,7.2,37.0,0.41,140.0,39.0,51.0
2099,Sorrento,Port Phillip  Bay,2009-03-10,surface,7.3,36.0,0.49,120.0,17.0,27.0
2100,Popes Eye,Port Phillip  Bay,2009-03-10,surface,7.2,36.0,0.67,120.0,4.7,12.0
369,Long Reef,Port Phillip  Bay,2009-03-11,surface,7.2,36.0,4.3,430.0,410.0,460.0
1911,Corio,Port Phillip  Bay,2009-03-11,surface,7.0,39.0,1.9,240.0,64.0,84.0
1991,Hobsons Bay,Port Phillip  Bay,2009-03-11,surface,7.3,37.0,1.9,180.0,52.0,68.0
2096,Newport,Port Phillip  Bay,2009-03-11,surface,6.9,35.0,9.3,270.0,59.0,84.0
939,Patterson River,Port Phillip  Bay,2009-04-14,surface,7.1,37.0,0.96,150.0,47.0,59.0
1229,Central,Port Phillip  Bay,2009-04-14,surface,7.2,38.0,0.37,140.0,42.0,56.0
1282,Dromana,Port Phillip  Bay,2009-04-14,surface,7.2,37.0,1.2,130.0,35.0,47.0
2097,DMG (B),Port Phillip  Bay,2009-04-14,surface,7.0,38.0,1.1,150.0,47.0,60.0
2098,Middle Ground Shelf,Port Phillip  Bay,2009-04-14,surface,7.2,37.0,2.3,140.0,34.0,46.0
2099,Sorrento,Port Phillip  Bay,2009-04-14,surface,7.3,36.0,0.87,110.0,9.8,20.0
1991,Hobsons Bay,Port Phillip  Bay,2009-04-15,surface,7.3,38.0,3.9,150.0,52.0,72.0
2096,Newport,Port Phillip  Bay,2009-04-15,surface,7.0,37.0,14.0,210.0,53.0,81.0
369,Long Reef,Port Phillip  Bay,2009-04-16,surface,7.1,38.0,1.4,150.0,49.0,66.0
1911,Corio,Port Phillip  Bay,2009-04-16,surface,7.1,39.0,3.5,210.0,58.0,81.0
2100,Popes Eye,Port Phillip  Bay,2009-04-16,surface,7.2,37.0,0.38,140.0,34.0,47.0
939,Patterson River,Port Phillip  Bay,2009-05-12,surface,7.9,37.0,0.9,160.0,50.0,69.0
1229,Central,Port Phillip  Bay,2009-05-12,surface,8.0,37.0,0.75,140.0,41.0,57.0
1282,Dromana,Port Phillip  Bay,2009-05-12,surface,7.8,37.0,0.4,140.0,42.0,58.0
2097,DMG (B),Port Phillip  Bay,2009-05-12,surface,7.9,38.0,0.68,140.0,44.0,60.0
2098,Middle Ground Shelf,Port Phillip  Bay,2009-05-12,surface,7.9,37.0,0.78,140.0,41.0,59.0
2099,Sorrento,Port Phillip  Bay,2009-05-12,surface,7.8,36.0,1.1,110.0,20.0,34.0
2100,Popes Eye,Port Phillip  Bay,2009-05-12,surface,7.7,36.0,0.22,84.0,3.9,13.0
369,Long Reef,Port Phillip  Bay,2009-05-13,surface,7.9,38.0,0.58,160.0,54.0,74.0
1911,Corio,Port Phillip  Bay,2009-05-13,surface,7.8,38.0,1.6,180.0,64.0,85.0
1991,Hobsons Bay,Port Phillip  Bay,2009-05-13,surface,8.4,37.0,0.85,150.0,69.0,89.0
2096,Newport,Port Phillip  Bay,2009-05-13,surface,7.6,36.0,10.0,200.0,58.0,80.0
939,Patterson River,Port Phillip  Bay,2009-06-09,surface,7.8,37.0,0.59,150.0,52.0,63.0
1229,Central,Port Phillip  Bay,2009-06-09,surface,7.7,37.0,0.75,140.0,43.0,51.0
1282,Dromana,Port Phillip  Bay,2009-06-09,surface,7.9,37.0,2.8,130.0,27.0,37.0
2097,DMG (B),Port Phillip  Bay,2009-06-09,surface,7.8,37.0,2.1,130.0,43.0,51.0
2098,Middle Ground Shelf,Port Phillip  Bay,2009-06-09,surface,7.8,37.0,0.75,140.0,37.0,48.0
2099,Sorrento,Port Phillip  Bay,2009-06-09,surface,7.8,36.0,0.73,100.0,11.0,21.0
2100,Popes Eye,Port Phillip  Bay,2009-06-09,surface,7.7,36.0,0.29,93.0,5.7,13.0
369,Long Reef,Port Phillip  Bay,2009-06-10,surface,8.1,38.0,1.4,170.0,67.0,81.0
1911,Corio,Port Phillip  Bay,2009-06-10,surface,7.9,38.0,1.3,180.0,62.0,74.0
1991,Hobsons Bay,Port Phillip  Bay,2009-06-10,surface,7.7,37.0,22.0,200.0,57.0,82.0
2096,Newport,Port Phillip  Bay,2009-06-10,surface,7.4,36.0,29.0,310.0,59.0,88.0
939,Patterson River,Port Phillip  Bay,2009-07-07,surface,8.2,37.0,0.74,130.0,46.0,58.0
1229,Central,Port Phillip  Bay,2009-07-07,surface,8.2,37.0,0.48,120.0,42.0,53.0
1282,Dromana,Port Phillip  Bay,2009-07-07,surface,8.2,37.0,0.19,100.0,32.0,38.0
2097,DMG (B),Port Phillip  Bay,2009-07-07,surface,8.2,37.0,0.48,130.0,44.0,57.0
2098,Middle Ground Shelf,Port Phillip  Bay,2009-07-07,surface,8.2,37.0,0.99,120.0,35.0,42.0
2099,Sorrento,Port Phillip  Bay,2009-07-07,surface,8.2,37.0,0.74,100.0,25.0,34.0
2100,Popes Eye,Port Phillip  Bay,2009-07-07,surface,8.0,36.0,0.37,87.0,5.1,11.0
369,Long Reef,Port Phillip  Bay,2009-07-08,surface,8.6,37.0,0.78,420.0,170.0,180.0
1911,Corio,Port Phillip  Bay,2009-07-08,surface,8.4,38.0,0.87,150.0,55.0,67.0
1991,Hobsons Bay,Port Phillip  Bay,2009-07-08,surface,8.5,37.0,3.2,190.0,75.0,90.0
2096,Newport,Port Phillip  Bay,2009-07-08,surface,8.3,28.0,11.0,380.0,48.0,62.0
369,Long Reef,Port Phillip  Bay,2009-08-05,surface,8.5,37.0,0.48,170.0,73.0,94.0
1911,Corio,Port Phillip  Bay,2009-08-05,surface,8.4,38.0,0.65,200.0,55.0,72.0
1991,Hobsons Bay,Port Phillip  Bay,2009-08-05,surface,8.3,37.0,2.2,150.0,43.0,60.0
2096,Newport,Port Phillip  Bay,2009-08-05,surface,8.2,33.0,5.6,260.0,32.0,61.0
939,Patterson River,Port Phillip  Bay,2009-08-11,surface,8.2,37.0,1.1,130.0,41.0,55.0
1229,Central,Port Phillip  Bay,2009-08-11,surface,8.3,37.0,0.19,120.0,36.0,48.0
2098,Middle Ground Shelf,Port Phillip  Bay,2009-08-11,surface,8.3,37.0,1.5,110.0,26.0,39.0
2099,Sorrento,Port Phillip  Bay,2009-08-11,surface,8.2,36.0,0.88,94.0,19.0,30.0
2100,Popes Eye,Port Phillip  Bay,2009-08-11,surface,8.2,36.0,0.38,110.0,22.0,34.0
1282,Dromana,Port Phillip  Bay,2009-08-13,surface,8.4,37.0,0.77,130.0,28.0,44.0
2097,DMG (B),Port Phillip  Bay,2009-08-13,surface,8.3,37.0,0.91,120.0,33.0,45.0
939,Patterson River,Port Phillip  Bay,2009-09-15,surface,8.1,37.0,0.77,140.0,38.0,55.0
1229,Central,Port Phillip  Bay,2009-09-15,surface,8.2,37.0,0.48,140.0,34.0,49.0
2097,DMG (B),Port Phillip  Bay,2009-09-15,surface,8.2,37.0,0.2,130.0,34.0,47.0
369,Long Reef,Port Phillip  Bay,2009-09-16,surface,8.9,37.0,1.1,520.0,190.0,240.0
1911,Corio,Port Phillip  Bay,2009-09-16,surface,8.7,38.0,0.48,180.0,57.0,74.0
1991,Hobsons Bay,Port Phillip  Bay,2009-09-16,surface,8.2,36.0,3.0,170.0,37.0,51.0
2096,Newport,Port Phillip  Bay,2009-09-16,surface,8.1,30.0,8.4,340.0,33.0,55.0
1282,Dromana,Port Phillip  Bay,2009-09-18,surface,8.1,37.0,0.79,140.0,26.0,40.0
2098,Middle Ground Shelf,Port Phillip  Bay,2009-09-18,surface,8.2,37.0,0.67,110.0,24.0,35.0
2099,Sorrento,Port Phillip  Bay,2009-09-18,surface,8.1,36.0,0.88,120.0,22.0,32.0
2100,Popes Eye,Port Phillip  Bay,2009-09-18,surface,7.9,36.0,0.099,110.0,4.8,11.0
939,Patterson River,Port Phillip  Bay,2009-10-19,surface,8.0,35.0,1.6,180.0,46.0,64.0
1229,Central,Port Phillip  Bay,2009-10-19,surface,7.9,37.0,0.29,110.0,35.0,46.0
1991,Hobsons Bay,Port Phillip  Bay,2009-10-19,surface,8.1,36.0,1.2,170.0,65.0,81.0
2096,Newport,Port Phillip  Bay,2009-10-19,surface,8.2,26.0,7.5,510.0,43.0,63.0
2097,DMG (B),Port Phillip  Bay,2009-10-19,surface,7.8,37.0,0.29,130.0,42.0,53.0
369,Long Reef,Port Phillip  Bay,2009-10-21,surface,8.0,37.0,0.58,170.0,75.0,88.0
1911,Corio,Port Phillip  Bay,2009-10-21,surface,8.1,37.0,1.3,170.0,53.0,66.0
1282,Dromana,Port Phillip  Bay,2009-10-22,surface,7.9,36.0,0.58,130.0,31.0,38.0
2098,Middle Ground Shelf,Port Phillip  Bay,2009-10-22,surface,7.9,36.0,0.49,110.0,31.0,37.0
2099,Sorrento,Port Phillip  Bay,2009-10-22,surface,7.9,36.0,0.58,100.0,25.0,33.0
2100,Popes Eye,Port Phillip  Bay,2009-10-22,surface,7.9,36.0,0.77,110.0,24.0,32.0
939,Patterson River,Port Phillip  Bay,2009-11-10,surface,7.8,36.0,0.29,130.0,40.0,51.0
1991,Hobsons Bay,Port Phillip  Bay,2009-11-10,surface,7.8,36.0,2.9,140.0,34.0,53.0
2096,Newport,Port Phillip  Bay,2009-11-10,surface,8.6,34.0,6.9,170.0,27.0,57.0
2097,DMG (B),Port Phillip  Bay,2009-11-10,surface,7.9,37.0,0.86,120.0,31.0,49.0
1282,Dromana,Port Phillip  Bay,2009-11-11,surface,7.7,37.0,0.77,110.0,31.0,43.0
2098,Middle Ground Shelf,Port Phillip  Bay,2009-11-11,surface,7.6,36.0,0.39,92.0,23.0,30.0
2099,Sorrento,Port Phillip  Bay,2009-11-11,surface,7.7,36.0,0.29,87.0,17.0,24.0
2100,Popes Eye,Port Phillip  Bay,2009-11-11,surface,7.7,36.0,0.77,88.0,18.0,23.0
369,Long Reef,Port Phillip  Bay,2009-11-12,surface,7.6,37.0,1.2,160.0,92.0,100.0
1229,Central,Port Phillip  Bay,2009-11-12,surface,7.5,37.0,0.19,130.0,34.0,49.0
1911,Corio,Port Phillip  Bay,2009-11-12,surface,7.8,38.0,1.4,160.0,49.0,59.0
939,Patterson River,Port Phillip  Bay,2009-12-07,surface,7.3,33.0,3.0,250.0,27.0,56.0
1229,Central,Port Phillip  Bay,2009-12-07,surface,7.2,37.0,0.58,160.0,33.0,51.0
2097,DMG (B),Port Phillip  Bay,2009-12-07,surface,7.2,37.0,0.77,160.0,36.0,54.0
369,Long Reef,Port Phillip  Bay,2009-12-09,surface,6.8,37.0,1.4,200.0,120.0,140.0
1282,Dromana,Port Phillip  Bay,2009-12-09,surface,7.4,36.0,0.58,140.0,28.0,37.0
1911,Corio,Port Phillip  Bay,2009-12-09,surface,6.8,37.0,0.67,210.0,57.0,75.0
1991,Hobsons Bay,Port Phillip  Bay,2009-12-09,surface,7.0,35.0,4.3,200.0,36.0,60.0
2096,Newport,Port Phillip  Bay,2009-12-09,surface,7.7,25.0,6.5,550.0,36.0,75.0
2098,Middle Ground Shelf,Port Phillip  Bay,2009-12-09,surface,7.3,36.0,0.78,120.0,28.0,36.0
2099,Sorrento,Port Phillip  Bay,2009-12-10,surface,7.5,36.0,0.58,88.0,4.6,7.3
2100,Popes Eye,Port Phillip  Bay,2009-12-10,surface,7.5,36.0,0.39,94.0,2.6,11.0
2098,Middle Ground Shelf,Port Phillip  Bay,2010-01-13,surface,7.1,37.0,0.38,150.0,31.0,46.0
2099,Sorrento,Port Phillip  Bay,2010-01-13,surface,7.2,36.0,0.69,120.0,14.0,25.0
2100,Popes Eye,Port Phillip  Bay,2010-01-13,surface,7.4,36.0,0.19,110.0,4.1,12.0
939,Patterson River,Port Phillip  Bay,2010-01-14,surface,6.8,37.0,0.67,160.0,46.0,61.0
1229,Central,Port Phillip  Bay,2010-01-14,surface,7.0,37.0,1.2,160.0,35.0,53.0
1282,Dromana,Port Phillip  Bay,2010-01-14,surface,7.1,37.0,0.57,150.0,27.0,43.0
2097,DMG (B),Port Phillip  Bay,2010-01-14,surface,7.2,37.0,1.1,150.0,36.0,54.0
369,Long Reef,Port Phillip  Bay,2010-01-15,surface,6.7,38.0,1.6,220.0,73.0,110.0
1911,Corio,Port Phillip  Bay,2010-01-15,surface,8.0,38.0,0.77,240.0,63.0,93.0
1991,Hobsons Bay,Port Phillip  Bay,2010-01-15,surface,6.6,36.0,7.2,220.0,55.0,88.0
2096,Newport,Port Phillip  Bay,2010-01-15,surface,6.7,32.0,7.8,320.0,40.0,78.0
939,Patterson River,Port Phillip  Bay,2010-02-10,surface,6.8,37.0,0.57,150.0,47.0,61.0
1229,Central,Port Phillip  Bay,2010-02-10,surface,6.8,37.0,0.58,140.0,42.0,57.0
2096,Newport,Port Phillip  Bay,2010-02-10,surface,7.0,35.0,6.8,240.0,43.0,73.0
2097,DMG (B),Port Phillip  Bay,2010-02-10,surface,6.8,37.0,0.69,150.0,44.0,57.0
369,Long Reef,Port Phillip  Bay,2010-02-11,surface,6.5,37.0,0.67,190.0,59.0,78.0
1911,Corio,Port Phillip  Bay,2010-02-11,surface,7.1,38.0,0.97,290.0,55.0,91.0
1991,Hobsons Bay,Port Phillip  Bay,2010-02-11,surface,6.9,37.0,1.6,160.0,44.0,62.0
1282,Dromana,Port Phillip  Bay,2010-02-12,surface,6.6,37.0,0.58,150.0,30.0,47.0
2098,Middle Ground Shelf,Port Phillip  Bay,2010-02-12,surface,6.7,37.0,0.67,130.0,28.0,41.0
2099,Sorrento,Port Phillip  Bay,2010-02-12,surface,7.1,36.0,0.48,110.0,7.1,16.0
2100,Popes Eye,Port Phillip  Bay,2010-02-12,surface,7.0,36.0,0.19,100.0,3.1,12.0
1282,Dromana,Port Phillip  Bay,2010-03-12,surface,7.2,36.0,0.48,120.0,24.0,36.0
2098,Middle Ground Shelf,Port Phillip  Bay,2010-03-12,surface,7.1,37.0,0.87,130.0,40.0,52.0
2099,Sorrento,Port Phillip  Bay,2010-03-12,surface,7.3,36.0,0.58,110.0,26.0,34.0
2100,Popes Eye,Port Phillip  Bay,2010-03-12,surface,7.2,37.0,0.86,140.0,44.0,54.0
939,Patterson River,Port Phillip  Bay,2010-03-14,surface,7.2,37.0,0.38,150.0,52.0,62.0
1229,Central,Port Phillip  Bay,2010-03-14,surface,7.1,37.0,1.1,150.0,49.0,61.0
2097,DMG (B),Port Phillip  Bay,2010-03-14,surface,7.0,37.0,1.2,150.0,49.0,59.0
369,Long Reef,Port Phillip  Bay,2010-03-15,surface,8.6,37.0,1.5,320.0,240.0,260.0
1911,Corio,Port Phillip  Bay,2010-03-15,surface,8.5,38.0,1.8,230.0,61.0,84.0
1991,Hobsons Bay,Port Phillip  Bay,2010-03-15,surface,7.8,36.0,2.1,200.0,61.0,78.0
2096,Newport,Port Phillip  Bay,2010-03-15,surface,7.2,31.0,5.4,530.0,51.0,82.0
1282,Dromana,Port Phillip  Bay,2010-04-14,surface,7.3,36.0,0.51,130.0,20.0,29.0
2098,Middle Ground Shelf,Port Phillip  Bay,2010-04-14,surface,7.1,37.0,1.0,140.0,38.0,52.0
2099,Sorrento,Port Phillip  Bay,2010-04-14,surface,7.3,36.0,0.71,110.0,20.0,30.0
2100,Popes Eye,Port Phillip  Bay,2010-04-14,surface,7.2,36.0,0.61,88.0,3.4,10.0
939,Patterson River,Port Phillip  Bay,2010-04-15,surface,7.1,37.0,0.89,140.0,31.0,42.0
1229,Central,Port Phillip  Bay,2010-04-15,surface,7.0,37.0,0.7,140.0,47.0,55.0
2097,DMG (B),Port Phillip  Bay,2010-04-15,surface,7.2,37.0,0.62,150.0,50.0,60.0
369,Long Reef,Port Phillip  Bay,2010-04-16,surface,7.5,37.0,0.61,340.0,140.0,170.0
1911,Corio,Port Phillip  Bay,2010-04-16,surface,7.2,38.0,2.5,230.0,63.0,100.0
1991,Hobsons Bay,Port Phillip  Bay,2010-04-16,surface,7.2,37.0,1.6,180.0,57.0,70.0
2096,Newport,Port Phillip  Bay,2010-04-16,surface,6.7,28.0,3.8,440.0,54.0,78.0
1282,Dromana,Port Phillip  Bay,2010-05-13,surface,7.7,36.0,1.2,140.0,25.0,35.0
2098,Middle Ground Shelf,Port Phillip  Bay,2010-05-13,surface,7.5,37.0,0.67,140.0,39.0,47.0
2099,Sorrento,Port Phillip  Bay,2010-05-13,surface,7.6,36.0,1.2,120.0,25.0,34.0
2100,Popes Eye,Port Phillip  Bay,2010-05-13,surface,7.4,36.0,0.77,91.0,4.6,13.0
939,Patterson River,Port Phillip  Bay,2010-05-14,surface,7.8,36.0,1.7,180.0,45.0,56.0
1229,Central,Port Phillip  Bay,2010-05-14,surface,7.3,37.0,0.48,170.0,54.0,63.0
2097,DMG (B),Port Phillip  Bay,2010-05-14,surface,7.4,37.0,0.77,160.0,55.0,64.0
369,Long Reef,Port Phillip  Bay,2010-05-17,surface,7.9,37.0,0.57,210.0,82.0,94.0
1911,Corio,Port Phillip  Bay,2010-05-17,surface,8.0,38.0,2.2,240.0,62.0,86.0
1991,Hobsons Bay,Port Phillip  Bay,2010-05-18,surface,7.7,37.0,1.4,190.0,70.0,80.0
2096,Newport,Port Phillip  Bay,2010-05-18,surface,7.1,35.0,2.5,250.0,62.0,72.0
1282,Dromana,Port Phillip  Bay,2010-06-21,surface,8.2,36.0,0.68,130.0,25.0,33.0
2098,Middle Ground Shelf,Port Phillip  Bay,2010-06-21,surface,8.3,37.0,0.87,130.0,34.0,43.0
369,Long Reef,Port Phillip  Bay,2010-06-22,surface,8.5,37.0,0.96,230.0,88.0,99.0
1229,Central,Port Phillip  Bay,2010-06-22,surface,8.0,37.0,0.58,140.0,46.0,55.0
1911,Corio,Port Phillip  Bay,2010-06-22,surface,8.5,38.0,1.1,180.0,54.0,66.0
2099,Sorrento,Port Phillip  Bay,2010-06-22,surface,8.1,36.0,0.29,120.0,24.0,32.0
2100,Popes Eye,Port Phillip  Bay,2010-06-22,surface,7.9,36.0,0.97,110.0,6.4,13.0
939,Patterson River,Port Phillip  Bay,2010-06-23,surface,9.5,37.0,0.77,210.0,61.0,80.0
1991,Hobsons Bay,Port Phillip  Bay,2010-06-23,surface,8.4,36.0,2.3,170.0,49.0,62.0
2096,Newport,Port Phillip  Bay,2010-06-23,surface,8.4,34.0,3.6,240.0,54.0,69.0
2097,DMG (B),Port Phillip  Bay,2010-06-23,surface,8.1,37.0,0.69,140.0,48.0,59.0
369,Long Reef,Port Phillip  Bay,2010-07-16,surface,9.1,37.0,1.3,240.0,90.0,120.0
1229,Central,Port Phillip  Bay,2010-07-16,surface,8.4,37.0,0.49,150.0,52.0,64.0
1282,Dromana,Port Phillip  Bay,2010-07-16,surface,8.3,36.0,0.58,110.0,22.0,30.0
1911,Corio,Port Phillip  Bay,2010-07-16,surface,9.3,37.0,1.5,180.0,55.0,67.0
2097,DMG (B),Port Phillip  Bay,2010-07-16,surface,8.3,37.0,0.19,140.0,46.0,55.0
939,Patterson River,Port Phillip  Bay,2010-07-17,surface,8.4,28.0,3.2,300.0,49.0,68.0
1991,Hobsons Bay,Port Phillip  Bay,2010-07-17,surface,8.3,36.0,1.5,180.0,44.0,53.0
2096,Newport,Port Phillip  Bay,2010-07-17,surface,8.3,30.0,5.2,430.0,44.0,64.0
2098,Middle Ground Shelf,Port Phillip  Bay,2010-07-20,surface,8.3,36.0,0.19,140.0,36.0,47.0
2099,Sorrento,Port Phillip  Bay,2010-07-20,surface,8.3,36.0,0.19,130.0,28.0,30.0
2100,Popes Eye,Port Phillip  Bay,2010-07-20,surface,8.3,36.0,0.19,130.0,33.0,38.0
939,Patterson River,Port Phillip  Bay,2010-08-13,surface,8.7,33.0,5.0,340.0,49.0,67.0
1229,Central,Port Phillip  Bay,2010-08-13,surface,8.5,37.0,0.86,130.0,41.0,55.0
1282,Dromana,Port Phillip  Bay,2010-08-13,surface,8.5,36.0,0.78,140.0,33.0,45.0
2097,DMG (B),Port Phillip  Bay,2010-08-13,surface,8.5,37.0,0.77,130.0,43.0,55.0
2098,Middle Ground Shelf,Port Phillip  Bay,2010-08-13,surface,8.5,36.0,0.58,130.0,34.0,45.0
2099,Sorrento,Port Phillip  Bay,2010-08-13,surface,8.5,36.0,0.77,120.0,30.0,39.0
2100,Popes Eye,Port Phillip  Bay,2010-08-13,surface,8.3,36.0,3.1,120.0,23.0,34.0
369,Long Reef,Port Phillip  Bay,2010-08-17,surface,8.4,37.0,1.3,240.0,93.0,110.0
1911,Corio,Port Phillip  Bay,2010-08-17,surface,8.5,37.0,0.77,160.0,52.0,64.0
1991,Hobsons Bay,Port Phillip  Bay,2010-08-19,surface,8.3,34.0,3.7,280.0,43.0,58.0
2096,Newport,Port Phillip  Bay,2010-08-19,surface,8.3,30.0,7.0,500.0,43.0,64.0
1282,Dromana,Port Phillip  Bay,2010-09-14,surface,8.5,35.0,0.58,150.0,28.0,42.0
2098,Middle Ground Shelf,Port Phillip  Bay,2010-09-14,surface,8.7,36.0,0.39,140.0,30.0,46.0
2099,Sorrento,Port Phillip  Bay,2010-09-14,surface,8.5,36.0,1.2,110.0,16.0,27.0
2100,Popes Eye,Port Phillip  Bay,2010-09-14,surface,8.3,35.0,1.9,81.0,1.7,12.0
369,Long Reef,Port Phillip  Bay,2010-09-23,surface,8.2,37.0,0.58,170.0,51.0,68.0
1229,Central,Port Phillip  Bay,2010-09-23,surface,8.4,36.0,0.38,140.0,36.0,51.0
1911,Corio,Port Phillip  Bay,2010-09-23,surface,8.3,37.0,0.79,160.0,48.0,62.0
2097,DMG (B),Port Phillip  Bay,2010-09-23,surface,8.4,36.0,0.68,140.0,37.0,53.0
939,Patterson River,Port Phillip  Bay,2010-09-24,surface,8.3,35.0,0.57,160.0,35.0,50.0
1991,Hobsons Bay,Port Phillip  Bay,2010-09-24,surface,8.3,35.0,1.1,210.0,80.0,100.0
2096,Newport,Port Phillip  Bay,2010-09-24,surface,7.8,28.0,7.5,440.0,63.0,93.0
369,Long Reef,Port Phillip  Bay,2010-10-14,surface,7.7,36.0,0.78,210.0,130.0,150.0
1229,Central,Port Phillip  Bay,2010-10-14,surface,8.0,36.0,0.39,140.0,39.0,52.0
1911,Corio,Port Phillip  Bay,2010-10-14,surface,7.6,36.0,1.1,180.0,48.0,65.0
2097,DMG (B),Port Phillip  Bay,2010-10-14,surface,8.0,36.0,0.39,140.0,38.0,51.0
1282,Dromana,Port Phillip  Bay,2010-10-19,surface,8.0,36.0,0.58,120.0,24.0,31.0
2098,Middle Ground Shelf,Port Phillip  Bay,2010-10-19,surface,7.8,36.0,0.67,120.0,27.0,37.0
2099,Sorrento,Port Phillip  Bay,2010-10-19,surface,8.1,36.0,0.86,110.0,16.0,29.0
2100,Popes Eye,Port Phillip  Bay,2010-10-19,surface,8.0,35.0,1.8,97.0,5.4,15.0
939,Patterson River,Port Phillip  Bay,2010-10-20,surface,7.8,35.0,1.1,170.0,43.0,58.0
1991,Hobsons Bay,Port Phillip  Bay,2010-10-20,surface,7.6,35.0,3.8,240.0,76.0,97.0
2096,Newport,Port Phillip  Bay,2010-10-20,surface,8.0,10.0,26.0,1200.0,25.0,76.0
1282,Dromana,Port Phillip  Bay,2010-11-19,surface,7.5,36.0,1.2,150.0,31.0,49.0
2098,Middle Ground Shelf,Port Phillip  Bay,2010-11-19,surface,7.5,36.0,0.77,130.0,31.0,50.0
2099,Sorrento,Port Phillip  Bay,2010-11-19,surface,7.8,36.0,0.78,110.0,20.0,33.0
2100,Popes Eye,Port Phillip  Bay,2010-11-19,surface,7.8,36.0,1.6,120.0,19.0,34.0
369,Long Reef,Port Phillip  Bay,2010-11-20,surface,7.3,36.0,1.5,200.0,57.0,87.0
1911,Corio,Port Phillip  Bay,2010-11-20,surface,8.1,36.0,0.96,190.0,44.0,63.0
939,Patterson River,Port Phillip  Bay,2010-11-22,surface,7.5,35.0,1.0,140.0,37.0,58.0
1229,Central,Port Phillip  Bay,2010-11-22,surface,7.9,35.0,1.1,170.0,39.0,66.0
2097,DMG (B),Port Phillip  Bay,2010-11-22,surface,8.3,35.0,1.3,190.0,44.0,75.0
1991,Hobsons Bay,Port Phillip  Bay,2010-11-23,surface,7.4,34.0,3.7,480.0,43.0,150.0
2096,Newport,Port Phillip  Bay,2010-11-23,surface,6.7,31.0,6.2,410.0,48.0,80.0
939,Patterson River,Port Phillip  Bay,2010-12-14,surface,6.9,35.0,2.2,130.0,37.0,60.0
1229,Central,Port Phillip  Bay,2010-12-14,surface,7.3,35.0,0.87,130.0,32.0,50.0
1991,Hobsons Bay,Port Phillip  Bay,2010-12-14,surface,7.6,33.0,2.4,230.0,35.0,63.0
2096,Newport,Port Phillip  Bay,2010-12-14,surface,6.2,11.0,18.0,1200.0,36.0,93.0
2097,DMG (B),Port Phillip  Bay,2010-12-14,surface,7.1,35.0,1.1,130.0,37.0,55.0
369,Long Reef,Port Phillip  Bay,2010-12-22,surface,7.0,35.0,1.5,260.0,72.0,94.0
1911,Corio,Port Phillip  Bay,2010-12-22,surface,8.2,35.0,2.7,210.0,68.0,99.0
2098,Middle Ground Shelf,Port Phillip  Bay,2010-12-22,surface,7.5,35.0,0.77,130.0,34.0,49.0
2099,Sorrento,Port Phillip  Bay,2010-12-22,surface,7.6,35.0,1.5,110.0,21.0,38.0
2100,Popes Eye,Port Phillip  Bay,2010-12-22,surface,7.6,35.0,2.2,91.0,13.0,24.0
1282,Dromana,Port Phillip  Bay,2010-12-23,surface,7.6,35.0,0.67,120.0,23.0,39.0
369,Long Reef,Port Phillip  Bay,2011-01-20,surface,6.7,35.0,0.48,260.0,78.0,98.0
939,Patterson River,Port Phillip  Bay,2011-01-20,surface,6.2,34.0,0.68,220.0,46.0,60.0
1229,Central,Port Phillip  Bay,2011-01-20,surface,7.4,34.0,0.77,200.0,41.0,59.0
1911,Corio,Port Phillip  Bay,2011-01-20,surface,7.9,35.0,0.87,240.0,72.0,92.0
2097,DMG (B),Port Phillip  Bay,2011-01-20,surface,8.4,32.0,1.5,290.0,52.0,78.0
1991,Hobsons Bay,Port Phillip  Bay,2011-01-21,surface,5.4,28.0,5.3,540.0,56.0,79.0
2096,Newport,Port Phillip  Bay,2011-01-21,surface,5.2,21.0,10.0,840.0,16.0,79.0
1282,Dromana,Port Phillip  Bay,2011-01-25,surface,6.6,35.0,1.1,160.0,41.0,53.0
2098,Middle Ground Shelf,Port Phillip  Bay,2011-01-25,surface,6.9,35.0,0.29,140.0,37.0,44.0
2099,Sorrento,Port Phillip  Bay,2011-01-25,surface,7.0,35.0,0.29,120.0,22.0,27.0
2100,Popes Eye,Port Phillip  Bay,2011-01-25,surface,6.9,35.0,0.96,150.0,36.0,43.0
939,Patterson River,Port Phillip  Bay,2011-02-16,surface,7.0,34.0,1.2,190.0,39.0,57.0
1229,Central,Port Phillip  Bay,2011-02-16,surface,7.1,34.0,1.1,220.0,38.0,61.0
1991,Hobsons Bay,Port Phillip  Bay,2011-02-16,surface,6.7,32.0,2.8,360.0,47.0,85.0
2096,Newport,Port Phillip  Bay,2011-02-16,surface,5.7,17.0,6.8,710.0,43.0,81.0
2097,DMG (B),Port Phillip  Bay,2011-02-16,surface,7.1,34.0,1.2,210.0,41.0,68.0
369,Long Reef,Port Phillip  Bay,2011-02-17,surface,7.3,34.0,1.1,340.0,150.0,180.0
1911,Corio,Port Phillip  Bay,2011-02-17,surface,7.1,35.0,0.68,230.0,72.0,94.0
1282,Dromana,Port Phillip  Bay,2011-02-18,surface,6.8,35.0,0.87,170.0,40.0,57.0
2099,Sorrento,Port Phillip  Bay,2011-02-18,surface,7.0,35.0,0.58,140.0,24.0,37.0
2100,Popes Eye,Port Phillip  Bay,2011-02-18,surface,7.0,35.0,0.87,130.0,22.0,35.0
2098,Middle Ground Shelf,Port Phillip  Bay,2011-02-22,surface,6.7,35.0,1.2,170.0,40.0,56.0
369,Long Reef,Port Phillip  Bay,2011-03-18,surface,7.2,35.0,2.0,240.0,120.0,140.0
1282,Dromana,Port Phillip  Bay,2011-03-18,surface,6.9,35.0,0.67,170.0,40.0,55.0
1911,Corio,Port Phillip  Bay,2011-03-18,surface,6.6,35.0,1.9,220.0,70.0,91.0
2098,Middle Ground Shelf,Port Phillip  Bay,2011-03-18,surface,7.1,35.0,0.58,160.0,37.0,55.0
2099,Sorrento,Port Phillip  Bay,2011-03-18,surface,7.0,35.0,0.69,130.0,27.0,41.0
939,Patterson River,Port Phillip  Bay,2011-03-22,surface,7.0,34.0,1.5,230.0,43.0,66.0
1229,Central,Port Phillip  Bay,2011-03-22,surface,7.3,35.0,0.58,170.0,43.0,63.0
1991,Hobsons Bay,Port Phillip  Bay,2011-03-22,surface,7.4,33.0,2.2,250.0,35.0,73.0
2096,Newport,Port Phillip  Bay,2011-03-22,surface,6.7,32.0,8.4,330.0,42.0,79.0
2097,DMG (B),Port Phillip  Bay,2011-03-22,surface,7.3,35.0,0.97,170.0,42.0,63.0
2100,Popes Eye,Port Phillip  Bay,2011-03-22,surface,7.1,35.0,0.58,83.0,3.4,11.0
369,Long Reef,Port Phillip  Bay,2011-04-15,surface,7.6,35.0,0.88,180.0,56.0,75.0
1911,Corio,Port Phillip  Bay,2011-04-15,surface,7.6,35.0,0.69,200.0,66.0,85.0
2099,Sorrento,Port Phillip  Bay,2011-04-15,surface,7.5,35.0,0.58,110.0,22.0,32.0
2100,Popes Eye,Port Phillip  Bay,2011-04-15,surface,7.5,35.0,0.98,140.0,35.0,48.0
939,Patterson River,Port Phillip  Bay,2011-04-19,surface,7.6,33.0,1.2,200.0,45.0,64.0
1229,Central,Port Phillip  Bay,2011-04-19,surface,7.6,35.0,0.39,160.0,55.0,75.0
1991,Hobsons Bay,Port Phillip  Bay,2011-04-19,surface,7.5,34.0,1.5,200.0,47.0,71.0
2096,Newport,Port Phillip  Bay,2011-04-19,surface,6.5,33.0,5.9,280.0,52.0,78.0
2097,DMG (B),Port Phillip  Bay,2011-04-19,surface,7.5,35.0,0.29,170.0,52.0,71.0
1282,Dromana,Port Phillip  Bay,2011-04-20,surface,7.5,34.0,1.1,170.0,42.0,59.0
2098,Middle Ground Shelf,Port Phillip  Bay,2011-04-20,surface,7.4,35.0,0.39,150.0,29.0,42.0
1282,Dromana,Port Phillip  Bay,2011-05-18,surface,8.6,33.0,1.1,200.0,38.0,53.0
939,Patterson River,Port Phillip  Bay,2011-05-20,surface,9.0,32.0,3.0,270.0,43.0,71.0
1229,Central,Port Phillip  Bay,2011-05-20,surface,8.3,35.0,0.97,160.0,57.0,73.0
1991,Hobsons Bay,Port Phillip  Bay,2011-05-20,surface,8.1,32.0,3.4,240.0,51.0,70.0
2096,Newport,Port Phillip  Bay,2011-05-20,surface,7.7,24.0,9.1,620.0,40.0,73.0
2097,DMG (B),Port Phillip  Bay,2011-05-20,surface,8.1,35.0,1.4,160.0,55.0,72.0
369,Long Reef,Port Phillip  Bay,2011-05-26,surface,7.9,35.0,1.7,190.0,74.0,90.0
1911,Corio,Port Phillip  Bay,2011-05-26,surface,8.0,35.0,1.6,190.0,67.0,81.0
2098,Middle Ground Shelf,Port Phillip  Bay,2011-05-26,surface,8.0,35.0,0.59,130.0,29.0,41.0
2099,Sorrento,Port Phillip  Bay,2011-05-26,surface,8.1,35.0,1.1,120.0,23.0,31.0
2100,Popes Eye,Port Phillip  Bay,2011-05-26,surface,8.1,35.0,0.68,150.0,38.0,48.0
369,Long Reef,Port Phillip  Bay,2011-06-24,surface,8.5,35.0,0.87,180.0,59.0,70.0
1911,Corio,Port Phillip  Bay,2011-06-24,surface,8.5,35.0,0.68,190.0,66.0,76.0
2100,Popes Eye,Port Phillip  Bay,2011-06-24,surface,8.2,35.0,1.2,150.0,37.0,52.0
939,Patterson River,Port Phillip  Bay,2011-06-27,surface,8.6,34.0,0.78,180.0,49.0,65.0
1282,Dromana,Port Phillip  Bay,2011-06-27,surface,8.5,34.0,1.6,190.0,48.0,68.0
2098,Middle Ground Shelf,Port Phillip  Bay,2011-06-27,surface,8.3,34.0,0.88,160.0,43.0,59.0
2099,Sorrento,Port Phillip  Bay,2011-06-27,surface,8.4,35.0,0.78,120.0,29.0,39.0
1229,Central,Port Phillip  Bay,2011-06-28,surface,8.1,35.0,0.69,170.0,52.0,71.0
1991,Hobsons Bay,Port Phillip  Bay,2011-06-28,surface,8.4,35.0,1.4,180.0,50.0,62.0
2096,Newport,Port Phillip  Bay,2011-06-28,surface,8.0,31.0,5.9,260.0,46.0,62.0
2097,DMG (B),Port Phillip  Bay,2011-06-28,surface,8.3,35.0,0.69,160.0,51.0,69.0
939,Patterson River,Port Phillip  Bay,2011-07-27,surface,9.3,33.0,1.7,170.0,36.0,57.0
1229,Central,Port Phillip  Bay,2011-07-27,surface,8.8,34.0,0.88,140.0,44.0,61.0
1282,Dromana,Port Phillip  Bay,2011-07-27,surface,8.6,34.0,0.57,140.0,36.0,54.0
2097,DMG (B),Port Phillip  Bay,2011-07-27,surface,9.0,34.0,1.2,160.0,51.0,71.0
2098,Middle Ground Shelf,Port Phillip  Bay,2011-07-27,surface,8.7,35.0,0.78,130.0,29.0,48.0
2099,Sorrento,Port Phillip  Bay,2011-07-27,surface,8.6,35.0,0.77,120.0,22.0,35.0
2100,Popes Eye,Port Phillip  Bay,2011-07-27,surface,8.3,35.0,0.88,88.0,7.3,17.0
369,Long Reef,Port Phillip  Bay,2011-07-28,surface,9.2,35.0,0.87,380.0,120.0,130.0
1911,Corio,Port Phillip  Bay,2011-07-28,surface,8.9,35.0,0.88,180.0,60.0,73.0
1991,Hobsons Bay,Port Phillip  Bay,2011-07-29,surface,8.8,30.0,4.4,280.0,35.0,59.0
2096,Newport,Port Phillip  Bay,2011-07-29,surface,9.7,32.0,7.0,900.0,10.0,54.0
939,Patterson River,Port Phillip  Bay,2011-08-24,surface,8.8,34.0,1.6,170.0,41.0,64.0
1229,Central,Port Phillip  Bay,2011-08-24,surface,8.5,34.0,0.67,130.0,38.0,56.0
1911,Corio,Port Phillip  Bay,2011-08-24,surface,8.9,35.0,1.3,180.0,52.0,71.0
2097,DMG (B),Port Phillip  Bay,2011-08-24,surface,8.6,34.0,1.2,150.0,45.0,59.0
1991,Hobsons Bay,Port Phillip  Bay,2011-08-25,surface,8.3,33.0,3.7,200.0,45.0,65.0
2096,Newport,Port Phillip  Bay,2011-08-25,surface,8.0,33.0,5.4,220.0,45.0,61.0
369,Long Reef,Port Phillip  Bay,2011-08-26,surface,8.6,35.0,1.5,250.0,97.0,120.0
1282,Dromana,Port Phillip  Bay,2011-08-26,surface,8.2,34.0,1.7,170.0,40.0,64.0
2098,Middle Ground Shelf,Port Phillip  Bay,2011-08-26,surface,8.4,34.0,1.2,140.0,36.0,55.0
2099,Sorrento,Port Phillip  Bay,2011-08-26,surface,8.5,35.0,0.69,100.0,15.0,27.0
2100,Popes Eye,Port Phillip  Bay,2011-08-26,surface,8.2,35.0,0.39,85.0,6.3,11.0
939,Patterson River,Port Phillip  Bay,2011-09-15,surface,8.4,34.0,1.8,180.0,47.0,61.0
1229,Central,Port Phillip  Bay,2011-09-15,surface,8.3,34.0,0.98,160.0,45.0,59.0
1282,Dromana,Port Phillip  Bay,2011-09-15,surface,8.2,34.0,0.98,140.0,38.0,49.0
2097,DMG (B),Port Phillip  Bay,2011-09-15,surface,8.3,34.0,0.98,150.0,47.0,60.0
2098,Middle Ground Shelf,Port Phillip  Bay,2011-09-16,surface,8.3,35.0,0.39,130.0,31.0,44.0
2099,Sorrento,Port Phillip  Bay,2011-09-16,surface,8.3,35.0,1.3,110.0,16.0,24.0
2100,Popes Eye,Port Phillip  Bay,2011-09-16,surface,8.0,36.0,2.0,76.0,4.1,11.0
369,Long Reef,Port Phillip  Bay,2011-09-21,surface,8.1,35.0,1.5,190.0,82.0,99.0
1911,Corio,Port Phillip  Bay,2011-09-21,surface,8.0,35.0,0.99,190.0,58.0,73.0
1991,Hobsons Bay,Port Phillip  Bay,2011-09-21,surface,8.0,34.0,1.2,190.0,57.0,71.0
2096,Newport,Port Phillip  Bay,2011-09-21,surface,7.9,31.0,3.0,290.0,48.0,65.0
939,Patterson River,Port Phillip  Bay,2011-10-18,surface,8.0,33.0,1.4,200.0,34.0,61.0
1229,Central,Port Phillip  Bay,2011-10-18,surface,8.0,35.0,0.49,150.0,40.0,55.0
2096,Newport,Port Phillip  Bay,2011-10-18,surface,7.5,29.0,4.5,330.0,47.0,70.0
2097,DMG (B),Port Phillip  Bay,2011-10-18,surface,8.1,34.0,0.77,220.0,54.0,74.0
1991,Hobsons Bay,Port Phillip  Bay,2011-10-23,surface,7.5,32.0,3.3,250.0,50.0,69.0
369,Long Reef,Port Phillip  Bay,2011-10-26,surface,6.9,34.0,8.7,360.0,180.0,210.0
1911,Corio,Port Phillip  Bay,2011-10-26,surface,7.9,35.0,1.7,200.0,57.0,76.0
2099,Sorrento,Port Phillip  Bay,2011-10-26,surface,7.9,35.0,0.78,130.0,26.0,38.0
2100,Popes Eye,Port Phillip  Bay,2011-10-26,surface,7.8,35.0,0.97,100.0,20.0,29.0
1282,Dromana,Port Phillip  Bay,2011-10-27,surface,7.7,35.0,0.69,140.0,35.0,49.0
2098,Middle Ground Shelf,Port Phillip  Bay,2011-10-27,surface,7.7,34.0,0.78,150.0,32.0,49.0
939,Patterson River,Port Phillip  Bay,2011-11-21,surface,7.9,32.0,2.9,230.0,39.0,65.0
1229,Central,Port Phillip  Bay,2011-11-21,surface,7.4,34.0,1.1,160.0,49.0,67.0
2097,DMG (B),Port Phillip  Bay,2011-11-21,surface,7.3,34.0,0.96,160.0,45.0,64.0
369,Long Reef,Port Phillip  Bay,2011-11-22,surface,6.9,35.0,1.9,210.0,67.0,90.0
1911,Corio,Port Phillip  Bay,2011-11-22,surface,7.3,35.0,3.3,230.0,55.0,80.0
1991,Hobsons Bay,Port Phillip  Bay,2011-11-22,surface,7.2,33.0,1.9,210.0,51.0,73.0
2096,Newport,Port Phillip  Bay,2011-11-22,surface,6.3,29.0,5.7,260.0,51.0,72.0
1282,Dromana,Port Phillip  Bay,2011-11-24,surface,7.3,35.0,3.9,140.0,31.0,44.0
2098,Middle Ground Shelf,Port Phillip  Bay,2011-11-24,surface,7.3,35.0,0.8,130.0,36.0,48.0
2099,Sorrento,Port Phillip  Bay,2011-11-24,surface,7.5,35.0,0.88,110.0,21.0,32.0
2100,Popes Eye,Port Phillip  Bay,2011-11-24,surface,7.5,36.0,0.39,94.0,6.0,14.0
369,Long Reef,Port Phillip  Bay,2011-12-15,surface,7.3,34.0,1.7,200.0,68.0,87.0
1229,Central,Port Phillip  Bay,2011-12-15,surface,7.4,34.0,1.2,160.0,40.0,57.0
1911,Corio,Port Phillip  Bay,2011-12-15,surface,7.3,35.0,2.5,200.0,60.0,76.0
2097,DMG (B),Port Phillip  Bay,2011-12-15,surface,7.4,34.0,0.79,180.0,48.0,66.0
2098,Middle Ground Shelf,Port Phillip  Bay,2011-12-16,surface,7.4,34.0,0.87,150.0,35.0,49.0
2099,Sorrento,Port Phillip  Bay,2011-12-16,surface,7.4,35.0,1.4,120.0,24.0,32.0
2100,Popes Eye,Port Phillip  Bay,2011-12-16,surface,7.3,35.0,1.3,120.0,25.0,36.0
1991,Hobsons Bay,Port Phillip  Bay,2011-12-20,surface,6.9,33.0,2.7,210.0,51.0,72.0
2096,Newport,Port Phillip  Bay,2011-12-20,surface,6.1,29.0,5.3,360.0,48.0,75.0
939,Patterson River,Port Phillip  Bay,2011-12-21,surface,7.2,34.0,0.88,170.0,40.0,54.0
1282,Dromana,Port Phillip  Bay,2011-12-21,surface,7.3,34.0,1.4,170.0,35.0,48.0
369,Long Reef,Port Phillip  Bay,2012-01-19,surface,7.2,35.0,1.8,260.0,95.0,130.0
939,Patterson River,Port Phillip  Bay,2012-01-19,surface,6.9,34.0,1.4,200.0,28.0,66.0
1229,Central,Port Phillip  Bay,2012-01-19,surface,7.0,34.0,1.2,180.0,44.0,70.0
1911,Corio,Port Phillip  Bay,2012-01-19,surface,6.6,35.0,1.4,230.0,63.0,92.0
1282,Dromana,Port Phillip  Bay,2012-01-20,surface,7.0,34.0,0.68,170.0,39.0,54.0
2100,Popes Eye,Port Phillip  Bay,2012-01-20,surface,7.2,36.0,0.39,77.0,1.7,2.8
1991,Hobsons Bay,Port Phillip  Bay,2012-01-24,surface,6.7,33.0,4.3,230.0,49.0,77.0
2096,Newport,Port Phillip  Bay,2012-01-24,surface,6.8,30.0,4.9,310.0,38.0,74.0
939,Patterson River,Port Phillip  Bay,2012-02-19,surface,6.7,34.0,1.2,180.0,50.0,69.0
1282,Dromana,Port Phillip  Bay,2012-02-19,surface,6.7,35.0,0.58,160.0,43.0,63.0
1911,Corio,Port Phillip  Bay,2012-02-20,surface,6.8,36.0,2.2,220.0,66.0,94.0
1991,Hobsons Bay,Port Phillip  Bay,2012-02-20,surface,7.0,33.0,1.6,210.0,46.0,75.0
2096,Newport,Port Phillip  Bay,2012-02-20,surface,6.0,29.0,3.5,380.0,48.0,80.0
2100,Popes Eye,Port Phillip  Bay,2012-02-20,surface,7.0,35.0,0.87,130.0,21.0,34.0
369,Long Reef,Port Phillip  Bay,2012-02-21,surface,6.6,36.0,2.4,350.0,110.0,150.0
1229,Central,Port Phillip  Bay,2012-02-21,surface,6.8,35.0,0.58,130.0,40.0,47.0
369,Long Reef,Port Phillip  Bay,2012-03-29,surface,7.2,35.0,1.1,330.0,170.0,190.0
939,Patterson River,Port Phillip  Bay,2012-03-29,surface,7.3,35.0,1.1,190.0,45.0,64.0
1229,Central,Port Phillip  Bay,2012-03-29,surface,7.1,35.0,0.9,160.0,51.0,65.0
1282,Dromana,Port Phillip  Bay,2012-03-29,surface,7.1,35.0,1.2,150.0,41.0,52.0
1911,Corio,Port Phillip  Bay,2012-03-29,surface,7.3,36.0,1.3,210.0,76.0,94.0
2100,Popes Eye,Port Phillip  Bay,2012-03-29,surface,7.1,35.0,1.4,130.0,27.0,39.0
1991,Hobsons Bay,Port Phillip  Bay,2012-03-30,surface,7.0,34.0,2.3,200.0,57.0,73.0
2096,Newport,Port Phillip  Bay,2012-03-30,surface,6.4,33.0,6.5,270.0,60.0,78.0
369,Long Reef,Port Phillip  Bay,2012-04-20,surface,8.2,35.0,2.8,350.0,180.0,210.0
939,Patterson River,Port Phillip  Bay,2012-04-20,surface,7.3,34.0,0.59,170.0,51.0,63.0
1229,Central,Port Phillip  Bay,2012-04-20,surface,7.3,35.0,0.39,200.0,55.0,70.0
1911,Corio,Port Phillip  Bay,2012-04-20,surface,7.6,36.0,0.78,220.0,77.0,95.0
1991,Hobsons Bay,Port Phillip  Bay,2012-04-20,surface,7.5,35.0,0.97,180.0,67.0,80.0
2096,Newport,Port Phillip  Bay,2012-04-20,surface,7.0,31.0,3.0,300.0,62.0,82.0
1282,Dromana,Port Phillip  Bay,2012-04-23,surface,7.2,35.0,0.88,160.0,47.0,60.0
2100,Popes Eye,Port Phillip  Bay,2012-04-23,surface,7.1,36.0,0.88,130.0,15.0,22.0
1229,Central,Port Phillip  Bay,2012-06-01,surface,8.0,35.0,0.78,150.0,41.0,54.0
1991,Hobsons Bay,Port Phillip  Bay,2012-06-01,surface,8.4,34.0,2.1,330.0,120.0,140.0
2096,Newport,Port Phillip  Bay,2012-06-01,surface,7.9,33.0,5.8,300.0,93.0,110.0
939,Patterson River,Port Phillip  Bay,2012-06-06,surface,8.0,35.0,0.68,160.0,50.0,59.0
1282,Dromana,Port Phillip  Bay,2012-06-06,surface,7.8,35.0,0.77,160.0,45.0,58.0
369,Long Reef,Port Phillip  Bay,2012-06-07,surface,7.8,35.0,3.9,350.0,120.0,140.0
1911,Corio,Port Phillip  Bay,2012-06-07,surface,8.5,35.0,1.5,200.0,69.0,83.0
2100,Popes Eye,Port Phillip  Bay,2012-06-07,surface,7.7,35.0,1.5,110.0,12.0,19.0
939,Patterson River,Port Phillip  Bay,2012-07-23,surface,9.4,33.0,1.4,200.0,46.0,66.0
1229,Central,Port Phillip  Bay,2012-07-23,surface,8.7,34.0,0.39,140.0,44.0,57.0
1282,Dromana,Port Phillip  Bay,2012-07-23,surface,8.6,34.0,0.59,160.0,46.0,62.0
2100,Popes Eye,Port Phillip  Bay,2012-07-23,surface,8.0,36.0,1.4,92.0,8.7,13.0
369,Long Reef,Port Phillip  Bay,2012-07-24,surface,9.1,35.0,0.49,190.0,91.0,110.0
1911,Corio,Port Phillip  Bay,2012-07-24,surface,8.7,35.0,0.097,180.0,61.0,77.0
1991,Hobsons Bay,Port Phillip  Bay,2012-07-24,surface,8.6,33.0,1.8,190.0,50.0,64.0
2096,Newport,Port Phillip  Bay,2012-07-24,surface,8.5,32.0,5.0,260.0,47.0,64.0
1282,Dromana,Port Phillip  Bay,2012-08-20,surface,8.6,34.0,0.93,160.0,43.0,61.0
369,Long Reef,Port Phillip  Bay,2012-08-23,surface,8.3,34.0,1.2,280.0,100.0,120.0
1911,Corio,Port Phillip  Bay,2012-08-23,surface,8.3,34.0,0.64,190.0,56.0,74.0
1991,Hobsons Bay,Port Phillip  Bay,2012-08-23,surface,8.6,32.0,4.4,260.0,46.0,71.0
2096,Newport,Port Phillip  Bay,2012-08-23,surface,8.6,23.0,13.0,410.0,46.0,80.0
939,Patterson River,Port Phillip  Bay,2012-08-27,surface,9.1,29.0,5.4,360.0,27.0,63.0
1229,Central,Port Phillip  Bay,2012-08-27,surface,8.7,34.0,0.94,150.0,44.0,64.0
2100,Popes Eye,Port Phillip  Bay,2012-08-27,surface,8.7,35.0,1.7,140.0,34.0,48.0
939,Patterson River,Port Phillip  Bay,2012-10-02,surface,8.8,32.0,3.1,220.0,40.0,65.0
1229,Central,Port Phillip  Bay,2012-10-02,surface,8.2,34.0,0.96,160.0,40.0,56.0
1282,Dromana,Port Phillip  Bay,2012-10-02,surface,8.4,34.0,1.1,170.0,30.0,48.0
2100,Popes Eye,Port Phillip  Bay,2012-10-02,surface,8.1,36.0,0.58,82.0,3.6,11.0
369,Long Reef,Port Phillip  Bay,2012-10-03,surface,8.4,34.0,0.68,200.0,58.0,77.0
1911,Corio,Port Phillip  Bay,2012-10-03,surface,8.9,34.0,0.49,190.0,53.0,68.0
1991,Hobsons Bay,Port Phillip  Bay,2012-10-03,surface,8.2,31.0,1.5,220.0,47.0,68.0
2096,Newport,Port Phillip  Bay,2012-10-03,surface,8.7,17.0,5.0,560.0,26.0,44.0
939,Patterson River,Port Phillip  Bay,2012-10-29,surface,8.1,33.0,0.89,170.0,41.0,65.0
1229,Central,Port Phillip  Bay,2012-10-29,surface,7.9,34.0,0.68,150.0,41.0,60.0
1282,Dromana,Port Phillip  Bay,2012-10-29,surface,7.9,34.0,0.88,130.0,29.0,41.0
2100,Popes Eye,Port Phillip  Bay,2012-10-29,surface,7.9,35.0,1.1,92.0,6.7,16.0
369,Long Reef,Port Phillip  Bay,2012-10-30,surface,8.0,35.0,0.59,180.0,49.0,73.0
1911,Corio,Port Phillip  Bay,2012-10-30,surface,8.5,35.0,0.49,180.0,46.0,63.0
1991,Hobsons Bay,Port Phillip  Bay,2012-10-30,surface,7.6,29.0,2.0,290.0,49.0,72.0
2096,Newport,Port Phillip  Bay,2012-10-30,surface,7.2,29.0,3.4,330.0,51.0,79.0
369,Long Reef,Port Phillip  Bay,2012-11-26,surface,7.8,35.0,2.1,190.0,71.0,98.0
1282,Dromana,Port Phillip  Bay,2012-11-26,surface,7.8,34.0,0.58,130.0,32.0,49.0
1911,Corio,Port Phillip  Bay,2012-11-26,surface,7.2,35.0,1.8,190.0,43.0,64.0
2100,Popes Eye,Port Phillip  Bay,2012-11-26,surface,7.8,35.0,1.5,97.0,9.0,17.0
939,Patterson River,Port Phillip  Bay,2012-11-27,surface,7.6,33.0,1.7,170.0,41.0,62.0
1229,Central,Port Phillip  Bay,2012-11-27,surface,7.7,34.0,1.1,180.0,47.0,66.0
1991,Hobsons Bay,Port Phillip  Bay,2012-11-28,surface,7.7,33.0,2.7,190.0,52.0,81.0
2096,Newport,Port Phillip  Bay,2012-11-28,surface,6.7,24.0,7.0,550.0,50.0,94.0
369,Long Reef,Port Phillip  Bay,2012-12-18,surface,7.1,35.0,2.8,190.0,81.0,110.0
939,Patterson River,Port Phillip  Bay,2012-12-18,surface,7.3,32.0,3.2,230.0,43.0,63.0
1229,Central,Port Phillip  Bay,2012-12-18,surface,7.4,34.0,1.2,140.0,46.0,59.0
1282,Dromana,Port Phillip  Bay,2012-12-18,surface,7.4,35.0,1.1,140.0,40.0,56.0
1991,Hobsons Bay,Port Phillip  Bay,2012-12-18,surface,7.7,34.0,3.7,210.0,59.0,90.0
2096,Newport,Port Phillip  Bay,2012-12-18,surface,6.9,31.0,3.5,330.0,60.0,88.0
1911,Corio,Port Phillip  Bay,2012-12-20,surface,6.7,35.0,3.8,220.0,61.0,89.0
2100,Popes Eye,Port Phillip  Bay,2012-12-20,surface,7.3,35.0,1.5,120.0,28.0,41.0
939,Patterson River,Port Phillip  Bay,2013-01-24,surface,6.9,35.0,0.78,170.0,49.0,66.0
1229,Central,Port Phillip  Bay,2013-01-24,surface,7.0,35.0,1.4,170.0,48.0,70.0
1991,Hobsons Bay,Port Phillip  Bay,2013-01-24,surface,7.1,34.0,4.4,190.0,51.0,78.0
2096,Newport,Port Phillip  Bay,2013-01-24,surface,7.6,32.0,7.8,230.0,42.0,78.0
369,Long Reef,Port Phillip  Bay,2013-01-30,surface,7.0,36.0,2.6,180.0,49.0,66.0
1282,Dromana,Port Phillip  Bay,2013-01-30,surface,7.0,35.0,0.87,170.0,39.0,58.0
1911,Corio,Port Phillip  Bay,2013-01-30,surface,7.7,36.0,3.0,210.0,62.0,87.0
2100,Popes Eye,Port Phillip  Bay,2013-01-30,surface,7.3,36.0,0.77,98.0,3.6,14.0
369,Long Reef,Port Phillip  Bay,2013-03-06,surface,9.5,35.0,4.7,310.0,230.0,290.0
1229,Central,Port Phillip  Bay,2013-03-06,surface,7.0,35.0,1.2,160.0,49.0,67.0
1911,Corio,Port Phillip  Bay,2013-03-06,surface,7.0,36.0,1.6,220.0,68.0,98.0
1991,Hobsons Bay,Port Phillip  Bay,2013-03-06,surface,6.7,34.0,4.2,210.0,54.0,79.0
2096,Newport,Port Phillip  Bay,2013-03-06,surface,7.1,30.0,6.2,320.0,51.0,82.0
939,Patterson River,Port Phillip  Bay,2013-03-07,surface,7.1,35.0,0.93,150.0,47.0,66.0
1282,Dromana,Port Phillip  Bay,2013-03-07,surface,7.1,35.0,0.83,180.0,48.0,62.0
2100,Popes Eye,Port Phillip  Bay,2013-03-07,surface,7.3,36.0,0.63,100.0,6.1,13.0
939,Patterson River,Port Phillip  Bay,2013-03-25,surface,6.9,35.0,0.97,170.0,54.0,72.0
1229,Central,Port Phillip  Bay,2013-03-25,surface,6.9,36.0,1.4,170.0,48.0,61.0
1282,Dromana,Port Phillip  Bay,2013-03-25,surface,7.0,36.0,0.86,190.0,49.0,68.0
2100,Popes Eye,Port Phillip  Bay,2013-03-25,surface,7.2,36.0,0.96,150.0,7.6,16.0
369,Long Reef,Port Phillip  Bay,2013-03-26,surface,7.4,36.0,0.97,190.0,87.0,100.0
1911,Corio,Port Phillip  Bay,2013-03-26,surface,7.2,37.0,1.9,220.0,66.0,100.0
1991,Hobsons Bay,Port Phillip  Bay,2013-03-26,surface,6.9,35.0,3.5,200.0,54.0,84.0
2096,Newport,Port Phillip  Bay,2013-03-26,surface,6.6,31.0,3.2,330.0,59.0,86.0
939,Patterson River,Port Phillip  Bay,2013-04-30,surface,7.6,34.0,1.8,170.0,60.0,75.0
1229,Central,Port Phillip  Bay,2013-04-30,surface,7.5,36.0,0.67,130.0,52.0,61.0
1282,Dromana,Port Phillip  Bay,2013-04-30,surface,7.5,36.0,0.48,120.0,50.0,60.0
1991,Hobsons Bay,Port Phillip  Bay,2013-04-30,surface,7.4,35.0,1.2,160.0,66.0,87.0
2096,Newport,Port Phillip  Bay,2013-04-30,surface,6.9,32.0,2.5,280.0,64.0,93.0
369,Long Reef,Port Phillip  Bay,2013-05-02,surface,7.6,36.0,1.5,150.0,80.0,99.0
1911,Corio,Port Phillip  Bay,2013-05-02,surface,7.4,37.0,2.1,180.0,72.0,94.0
2100,Popes Eye,Port Phillip  Bay,2013-05-02,surface,7.5,36.0,1.6,110.0,34.0,39.0
1282,Dromana,Port Phillip  Bay,2013-07-26,surface,8.4,35.0,1.0,150.0,61.0,67.0
369,Long Reef,Port Phillip  Bay,2013-07-30,surface,9.0,35.0,0.88,300.0,140.0,150.0
1911,Corio,Port Phillip  Bay,2013-07-30,surface,8.4,36.0,0.87,210.0,75.0,83.0
2100,Popes Eye,Port Phillip  Bay,2013-07-30,surface,8.2,35.0,0.78,130.0,44.0,45.0
939,Patterson River,Port Phillip  Bay,2013-08-01,surface,8.5,31.0,3.8,270.0,59.0,71.0
1229,Central,Port Phillip  Bay,2013-08-01,surface,8.5,36.0,0.78,130.0,57.0,69.0
1991,Hobsons Bay,Port Phillip  Bay,2013-08-01,surface,8.4,35.0,1.2,190.0,60.0,69.0
2096,Newport,Port Phillip  Bay,2013-08-01,surface,8.2,29.0,3.3,270.0,60.0,74.0
939,Patterson River,Port Phillip  Bay,2013-09-27,surface,7.8,,17.0,510.0,53.0,94.0
1991,Hobsons Bay,Port Phillip  Bay,2013-09-27,surface,7.9,33.0,3.1,270.0,59.0,85.0
2096,Newport,Port Phillip  Bay,2013-09-27,surface,7.7,23.0,9.5,550.0,50.0,78.0
369,Long Reef,Port Phillip  Bay,2013-09-29,surface,7.6,35.0,1.9,180.0,77.0,99.0
1229,Central,Port Phillip  Bay,2013-09-29,surface,8.0,35.0,1.2,120.0,46.0,62.0
1282,Dromana,Port Phillip  Bay,2013-09-29,surface,7.9,35.0,1.2,150.0,32.0,49.0
1911,Corio,Port Phillip  Bay,2013-09-29,surface,7.5,36.0,1.9,200.0,64.0,84.0
2100,Popes Eye,Port Phillip  Bay,2013-09-29,surface,7.9,35.0,0.86,120.0,39.0,53.0
939,Patterson River,Port Phillip  Bay,2013-10-28,surface,8.1,34.0,2.0,180.0,46.0,61.0
1229,Central,Port Phillip  Bay,2013-10-28,surface,8.1,35.0,0.58,160.0,49.0,63.0
1991,Hobsons Bay,Port Phillip  Bay,2013-10-28,surface,8.1,34.0,1.2,220.0,87.0,110.0
2096,Newport,Port Phillip  Bay,2013-10-28,surface,7.9,22.0,5.0,560.0,45.0,64.0
1282,Dromana,Port Phillip  Bay,2013-10-29,surface,8.2,35.0,0.29,130.0,33.0,44.0
2100,Popes Eye,Port Phillip  Bay,2013-10-29,surface,7.9,36.0,0.86,99.0,5.8,11.0
369,Long Reef,Port Phillip  Bay,2013-10-30,surface,7.9,36.0,1.5,200.0,62.0,82.0
1911,Corio,Port Phillip  Bay,2013-10-30,surface,8.0,36.0,1.9,210.0,60.0,77.0
369,Long Reef,Port Phillip  Bay,2014-01-15,surface,7.1,36.0,0.56,160.0,68.0,80.0
1229,Central,Port Phillip  Bay,2014-01-15,surface,7.4,35.0,0.37,130.0,48.0,60.0
1911,Corio,Port Phillip  Bay,2014-01-15,surface,7.2,36.0,0.71,170.0,59.0,80.0
1991,Hobsons Bay,Port Phillip  Bay,2014-01-15,surface,7.1,35.0,1.5,160.0,56.0,80.0
2096,Newport,Port Phillip  Bay,2014-01-15,surface,6.6,32.0,2.5,230.0,49.0,80.0
2100,Popes Eye,Port Phillip  Bay,2014-01-15,surface,7.5,36.0,0.63,70.0,10.0,10.0
939,Patterson River,Port Phillip  Bay,2014-01-16,surface,7.4,35.0,0.45,160.0,52.0,70.0
1282,Dromana,Port Phillip  Bay,2014-01-16,surface,7.2,35.0,0.23,120.0,42.0,50.0
939,Patterson River,Port Phillip  Bay,2014-02-24,surface,7.3,36.0,0.7,170.0,45.0,70.0
1229,Central,Port Phillip  Bay,2014-02-24,surface,7.1,36.0,1.1,130.0,43.0,60.0
1282,Dromana,Port Phillip  Bay,2014-02-24,surface,7.2,36.0,0.5,130.0,35.0,50.0
2100,Popes Eye,Port Phillip  Bay,2014-02-24,surface,7.2,36.0,3.7,60.0,5.0,8.0
369,Long Reef,Port Phillip  Bay,2014-02-25,surface,7.3,36.0,0.82,270.0,110.0,150.0
1911,Corio,Port Phillip  Bay,2014-02-25,surface,7.1,37.0,1.8,210.0,67.0,90.0
1991,Hobsons Bay,Port Phillip  Bay,2014-02-25,surface,7.4,35.0,2.2,170.0,60.0,90.0
2096,Newport,Port Phillip  Bay,2014-02-25,surface,7.0,33.0,3.5,250.0,61.0,100.0
939,Patterson River,Port Phillip  Bay,2014-03-13,surface,7.2,36.0,0.2,150.0,53.0,80.0
1229,Central,Port Phillip  Bay,2014-03-13,surface,7.1,36.0,0.58,150.0,49.0,70.0
1282,Dromana,Port Phillip  Bay,2014-03-13,surface,7.3,36.0,0.06,140.0,44.0,70.0
2100,Popes Eye,Port Phillip  Bay,2014-03-13,surface,7.2,36.0,0.11,100.0,5.0,10.0
369,Long Reef,Port Phillip  Bay,2014-03-14,surface,7.4,36.0,0.55,220.0,98.0,140.0
1911,Corio,Port Phillip  Bay,2014-03-14,surface,6.8,37.0,1.2,210.0,61.0,100.0
1991,Hobsons Bay,Port Phillip  Bay,2014-03-14,surface,6.9,36.0,2.6,200.0,63.0,100.0
2096,Newport,Port Phillip  Bay,2014-03-14,surface,6.2,31.0,2.8,340.0,57.0,100.0
369,Long Reef,Port Phillip  Bay,2014-04-14,surface,7.4,36.0,1.2,150.0,72.0,73.0
1229,Central,Port Phillip  Bay,2014-04-14,surface,7.4,36.0,1.2,100.0,49.0,50.0
1911,Corio,Port Phillip  Bay,2014-04-14,surface,7.7,37.0,0.68,170.0,58.0,80.0
1991,Hobsons Bay,Port Phillip  Bay,2014-04-14,surface,7.4,33.0,1.9,180.0,56.0,60.0
2096,Newport,Port Phillip  Bay,2014-04-14,surface,6.8,24.0,5.1,510.0,45.0,100.0
939,Patterson River,Port Phillip  Bay,2014-04-15,surface,7.5,36.0,0.47,140.0,66.0,70.0
1282,Dromana,Port Phillip  Bay,2014-04-15,surface,7.6,36.0,0.21,140.0,64.0,70.0
2100,Popes Eye,Port Phillip  Bay,2014-04-15,surface,7.5,36.0,0.28,110.0,40.0,42.0
1229,Central,Port Phillip  Bay,2014-05-12,surface,7.8,36.0,0.7,150.0,58.0,70.0
1991,Hobsons Bay,Port Phillip  Bay,2014-05-12,surface,8.0,35.0,1.3,170.0,61.0,80.0
2096,Newport,Port Phillip  Bay,2014-05-12,surface,7.3,,5.5,360.0,57.0,80.0
2100,Popes Eye,Port Phillip  Bay,2014-05-12,surface,7.9,36.0,0.65,150.0,29.0,40.0
369,Long Reef,Port Phillip  Bay,2014-05-13,surface,8.4,36.0,0.76,410.0,300.0,340.0
939,Patterson River,Port Phillip  Bay,2014-05-13,surface,8.4,35.0,0.85,160.0,53.0,80.0
1282,Dromana,Port Phillip  Bay,2014-05-13,surface,8.1,36.0,0.58,140.0,48.0,70.0
1911,Corio,Port Phillip  Bay,2014-05-13,surface,7.9,37.0,0.97,190.0,71.0,90.0
369,Long Reef,Port Phillip  Bay,2014-06-17,surface,8.4,36.0,1.5,250.0,100.0,120.0
1911,Corio,Port Phillip  Bay,2014-06-17,surface,8.0,37.0,2.6,250.0,70.0,90.0
1991,Hobsons Bay,Port Phillip  Bay,2014-06-17,surface,8.2,36.0,1.9,240.0,77.0,90.0
2096,Newport,Port Phillip  Bay,2014-06-17,surface,7.9,29.0,4.2,470.0,68.0,90.0
939,Patterson River,Port Phillip  Bay,2014-06-21,surface,8.3,36.0,0.77,180.0,60.0,70.0
1229,Central,Port Phillip  Bay,2014-06-21,surface,8.1,36.0,1.3,200.0,57.0,70.0
1282,Dromana,Port Phillip  Bay,2014-06-21,surface,8.2,36.0,1.1,200.0,52.0,60.0
2100,Popes Eye,Port Phillip  Bay,2014-06-21,surface,8.0,36.0,0.71,150.0,5.0,10.0
369,Long Reef,Port Phillip  Bay,2014-07-21,surface,8.9,36.0,2.2,170.0,90.0,110.0
369,Long Reef,Port Phillip  Bay,2014-07-21,surface,9.7,36.0,,,,
1229,Central,Port Phillip  Bay,2014-07-21,surface,8.6,36.0,2.7,130.0,52.0,70.0
1229,Central,Port Phillip  Bay,2014-07-21,surface,9.3,36.0,,,,
1911,Corio,Port Phillip  Bay,2014-07-21,surface,8.7,36.0,2.7,1500.0,71.0,90.0
1911,Corio,Port Phillip  Bay,2014-07-21,surface,9.3,36.0,,,,
1991,Hobsons Bay,Port Phillip  Bay,2014-07-21,surface,8.4,35.0,2.2,160.0,53.0,70.0
1991,Hobsons Bay,Port Phillip  Bay,2014-07-21,surface,9.1,36.0,,,,
2096,Newport,Port Phillip  Bay,2014-07-21,surface,9.1,,9.0,670.0,35.0,50.0
2096,Newport,Port Phillip  Bay,2014-07-21,surface,9.1,30.0,,,,
939,Patterson River,Port Phillip  Bay,2014-07-22,surface,8.8,35.0,1.8,190.0,48.0,60.0
939,Patterson River,Port Phillip  Bay,2014-07-22,surface,9.6,35.0,,,,
1282,Dromana,Port Phillip  Bay,2014-07-22,surface,8.7,36.0,1.5,120.0,36.0,40.0
1282,Dromana,Port Phillip  Bay,2014-07-22,surface,9.4,36.0,,,,
2100,Popes Eye,Port Phillip  Bay,2014-07-22,surface,8.2,36.0,1.8,80.0,9.0,10.0
2100,Popes Eye,Port Phillip  Bay,2014-07-22,surface,8.7,36.0,,,,
369,Long Reef,Port Phillip  Bay,2014-08-19,surface,8.7,36.0,1.9,160.0,110.0,140.0
369,Long Reef,Port Phillip  Bay,2014-08-19,surface,9.5,36.0,,,,
1229,Central,Port Phillip  Bay,2014-08-19,surface,8.7,36.0,1.9,120.0,48.0,70.0
1229,Central,Port Phillip  Bay,2014-08-19,surface,9.4,36.0,,,,
1911,Corio,Port Phillip  Bay,2014-08-19,surface,8.3,36.0,2.2,160.0,68.0,100.0
1911,Corio,Port Phillip  Bay,2014-08-19,surface,9.0,36.0,,,,
1991,Hobsons Bay,Port Phillip  Bay,2014-08-19,surface,9.7,31.0,7.3,320.0,67.0,120.0
1991,Hobsons Bay,Port Phillip  Bay,2014-08-19,surface,11.0,31.0,,,,
2096,Newport,Port Phillip  Bay,2014-08-19,surface,9.7,22.0,11.0,670.0,54.0,110.0
2096,Newport,Port Phillip  Bay,2014-08-19,surface,11.0,25.0,,,,
939,Patterson River,Port Phillip  Bay,2014-08-20,surface,8.5,36.0,1.1,110.0,51.0,60.0
939,Patterson River,Port Phillip  Bay,2014-08-20,surface,9.1,36.0,,,,
1282,Dromana,Port Phillip  Bay,2014-08-20,surface,8.6,36.0,2.0,100.0,33.0,40.0
1282,Dromana,Port Phillip  Bay,2014-08-20,surface,9.4,36.0,,,,
2100,Popes Eye,Port Phillip  Bay,2014-08-20,surface,8.4,36.0,1.7,110.0,27.0,40.0
2100,Popes Eye,Port Phillip  Bay,2014-08-20,surface,9.0,36.0,,,,
369,Long Reef,Port Phillip  Bay,2014-09-15,surface,8.8,35.0,2.6,640.0,280.0,330.0
369,Long Reef,Port Phillip  Bay,2014-09-15,surface,9.6,35.0,,,,
1229,Central,Port Phillip  Bay,2014-09-15,surface,8.4,36.0,3.5,160.0,44.0,60.0
1229,Central,Port Phillip  Bay,2014-09-15,surface,9.0,36.0,,,,
1911,Corio,Port Phillip  Bay,2014-09-15,surface,8.1,36.0,2.9,220.0,58.0,80.0
1911,Corio,Port Phillip  Bay,2014-09-15,surface,8.8,36.0,,,,
1991,Hobsons Bay,Port Phillip  Bay,2014-09-15,surface,8.3,34.0,3.3,200.0,48.0,70.0
1991,Hobsons Bay,Port Phillip  Bay,2014-09-15,surface,9.0,35.0,,,,
2096,Newport,Port Phillip  Bay,2014-09-15,surface,8.3,25.0,4.2,460.0,40.0,70.0
2096,Newport,Port Phillip  Bay,2014-09-15,surface,9.2,24.0,,,,
939,Patterson River,Port Phillip  Bay,2014-09-19,surface,8.3,36.0,5.5,160.0,48.0,70.0
939,Patterson River,Port Phillip  Bay,2014-09-19,surface,8.9,36.0,,,,
1282,Dromana,Port Phillip  Bay,2014-09-19,surface,8.3,35.0,2.7,130.0,20.0,30.0
1282,Dromana,Port Phillip  Bay,2014-09-19,surface,8.8,36.0,,,,
2100,Popes Eye,Port Phillip  Bay,2014-09-19,surface,8.1,36.0,2.5,100.0,20.0,20.0
2100,Popes Eye,Port Phillip  Bay,2014-09-19,surface,8.6,36.0,,,,
369,Long Reef,Port Phillip  Bay,2014-10-24,surface,8.4,36.0,4.7,670.0,370.0,410.0
369,Long Reef,Port Phillip  Bay,2014-10-24,surface,9.3,36.0,,,,
1229,Central,Port Phillip  Bay,2014-10-24,surface,8.0,36.0,2.1,110.0,46.0,60.0
1229,Central,Port Phillip  Bay,2014-10-24,surface,8.6,36.0,,,,
1911,Corio,Port Phillip  Bay,2014-10-24,surface,7.9,36.0,4.7,170.0,58.0,70.0
1911,Corio,Port Phillip  Bay,2014-10-24,surface,8.5,36.0,,,,
1991,Hobsons Bay,Port Phillip  Bay,2014-10-24,surface,8.2,35.0,3.8,140.0,59.0,80.0
1991,Hobsons Bay,Port Phillip  Bay,2014-10-24,surface,8.5,35.0,,,,
2096,Newport,Port Phillip  Bay,2014-10-24,surface,8.2,30.0,5.2,300.0,53.0,80.0
2096,Newport,Port Phillip  Bay,2014-10-24,surface,8.3,31.0,,,,
2100,Popes Eye,Port Phillip  Bay,2014-10-24,surface,7.9,36.0,2.0,90.0,33.0,40.0
2100,Popes Eye,Port Phillip  Bay,2014-10-24,surface,8.4,36.0,,,,
939,Patterson River,Port Phillip  Bay,2014-10-25,surface,7.8,36.0,2.6,100.0,44.0,50.0
939,Patterson River,Port Phillip  Bay,2014-10-25,surface,8.4,36.0,,,,
1282,Dromana,Port Phillip  Bay,2014-10-25,surface,7.6,36.0,2.2,110.0,34.0,40.0
1282,Dromana,Port Phillip  Bay,2014-10-25,surface,8.1,36.0,,,,
939,Patterson River,Port Phillip  Bay,2014-11-28,surface,7.6,35.0,3.0,200.0,45.0,70.0
939,Patterson River,Port Phillip  Bay,2014-11-28,surface,7.8,35.0,,,,
1282,Dromana,Port Phillip  Bay,2014-11-28,surface,7.8,36.0,2.2,130.0,26.0,40.0
1282,Dromana,Port Phillip  Bay,2014-11-28,surface,8.3,36.0,,,0.0,
2100,Popes Eye,Port Phillip  Bay,2014-11-28,surface,7.6,36.0,2.3,140.0,29.0,40.0
2100,Popes Eye,Port Phillip  Bay,2014-11-28,surface,8.0,36.0,,,,
369,Long Reef,Port Phillip  Bay,2014-11-29,surface,7.6,37.0,3.8,240.0,85.0,120.0
369,Long Reef,Port Phillip  Bay,2014-11-29,surface,7.2,37.0,,,,
1229,Central,Port Phillip  Bay,2014-11-29,surface,7.6,36.0,2.5,140.0,45.0,60.0
1229,Central,Port Phillip  Bay,2014-11-29,surface,8.0,36.0,,,,
1911,Corio,Port Phillip  Bay,2014-11-29,surface,7.3,37.0,5.0,220.0,56.0,80.0
1911,Corio,Port Phillip  Bay,2014-11-29,surface,7.7,37.0,,,,
1991,Hobsons Bay,Port Phillip  Bay,2014-11-29,surface,7.1,34.0,5.9,230.0,59.0,90.0
1991,Hobsons Bay,Port Phillip  Bay,2014-11-29,surface,7.6,34.0,,,,
2096,Newport,Port Phillip  Bay,2014-11-29,surface,7.1,27.0,5.5,360.0,52.0,90.0
2096,Newport,Port Phillip  Bay,2014-11-29,surface,7.2,29.0,,,,
369,Long Reef,Port Phillip  Bay,2014-12-17,surface,7.5,36.0,4.5,230.0,100.0,150.0
369,Long Reef,Port Phillip  Bay,2014-12-17,surface,,36.0,,,,
939,Patterson River,Port Phillip  Bay,2014-12-17,surface,7.4,36.0,4.8,220.0,57.0,100.0
939,Patterson River,Port Phillip  Bay,2014-12-17,surface,,36.0,,,,
1229,Central,Port Phillip  Bay,2014-12-17,surface,7.4,36.0,2.8,130.0,50.0,70.0
1229,Central,Port Phillip  Bay,2014-12-17,surface,7.5,36.0,,,,
1911,Corio,Port Phillip  Bay,2014-12-17,surface,7.0,37.0,3.7,210.0,63.0,90.0
1911,Corio,Port Phillip  Bay,2014-12-17,surface,,37.0,,,,
1991,Hobsons Bay,Port Phillip  Bay,2014-12-17,surface,7.2,35.0,6.2,180.0,62.0,90.0
1991,Hobsons Bay,Port Phillip  Bay,2014-12-17,surface,7.6,35.0,,,,
2096,Newport,Port Phillip  Bay,2014-12-17,surface,7.0,34.0,4.9,220.0,62.0,90.0
2096,Newport,Port Phillip  Bay,2014-12-17,surface,,34.0,,,,
1282,Dromana,Port Phillip  Bay,2014-12-19,surface,7.4,36.0,2.8,140.0,20.0,40.0
1282,Dromana,Port Phillip  Bay,2014-12-19,surface,7.8,36.0,,,,
2100,Popes Eye,Port Phillip  Bay,2014-12-19,surface,7.6,36.0,2.0,80.0,5.0,10.0
2100,Popes Eye,Port Phillip  Bay,2014-12-19,surface,7.6,36.0,,,,
1991,Hobsons Bay,Port Phillip  Bay,2015-02-18,surface,,,2.3,200.0,58.0,80.0
1991,Hobsons Bay,Port Phillip  Bay,2015-02-18,surface,7.3,35.0,,,,
369,Long Reef,Port Phillip  Bay,2015-03-01,surface,,,1.5,190.0,76.0,90.0
369,Long Reef,Port Phillip  Bay,2015-03-01,surface,,37.0,,,,
1911,Corio,Port Phillip  Bay,2015-03-01,surface,,,1.7,220.0,55.0,90.0
1911,Corio,Port Phillip  Bay,2015-03-01,surface,,37.0,,,,
369,Long Reef,Port Phillip  Bay,2015-03-30,surface,7.6,37.0,0.7,160.0,71.0,80.0
369,Long Reef,Port Phillip  Bay,2015-03-30,surface,8.1,37.0,,,,
939,Patterson River,Port Phillip  Bay,2015-03-30,surface,7.6,36.0,1.1,160.0,46.0,60.0
939,Patterson River,Port Phillip  Bay,2015-03-30,surface,8.1,36.0,,,,
1911,Corio,Port Phillip  Bay,2015-03-30,surface,7.6,38.0,1.0,200.0,60.0,90.0
1911,Corio,Port Phillip  Bay,2015-03-30,surface,8.2,38.0,,,,
1991,Hobsons Bay,Port Phillip  Bay,2015-03-30,surface,7.6,36.0,1.7,160.0,78.0,100.0
1991,Hobsons Bay,Port Phillip  Bay,2015-03-30,surface,8.1,36.0,,,,
369,Long Reef,Port Phillip  Bay,2015-04-29,surface,,,0.5,160.0,64.0,90.0
369,Long Reef,Port Phillip  Bay,2015-04-29,surface,8.4,37.0,,,,
939,Patterson River,Port Phillip  Bay,2015-04-29,surface,,,3.1,160.0,49.0,70.0
939,Patterson River,Port Phillip  Bay,2015-04-29,surface,8.3,36.0,,,,
1911,Corio,Port Phillip  Bay,2015-04-29,surface,,,1.0,150.0,70.0,80.0
1911,Corio,Port Phillip  Bay,2015-04-29,surface,8.0,38.0,,,,
1991,Hobsons Bay,Port Phillip  Bay,2015-04-29,surface,,,1.9,240.0,86.0,120.0
1991,Hobsons Bay,Port Phillip  Bay,2015-04-29,surface,8.3,36.0,,,,
2096,Newport,Port Phillip  Bay,2015-04-29,surface,,,3.3,340.0,82.0,110.0
2096,Newport,Port Phillip  Bay,2015-04-29,surface,7.8,32.0,,,,
369,Long Reef,Port Phillip  Bay,2015-05-26,surface,,,0.5,260.0,120.0,150.0
369,Long Reef,Port Phillip  Bay,2015-05-26,surface,9.1,37.0,,,,
939,Patterson River,Port Phillip  Bay,2015-05-26,surface,,,3.1,180.0,61.0,90.0
939,Patterson River,Port Phillip  Bay,2015-05-26,surface,8.5,36.0,,,,
1911,Corio,Port Phillip  Bay,2015-05-26,surface,,,0.3,180.0,65.0,90.0
1911,Corio,Port Phillip  Bay,2015-05-26,surface,8.8,37.0,,,,
1991,Hobsons Bay,Port Phillip  Bay,2015-05-26,surface,,,2.9,200.0,76.0,110.0
1991,Hobsons Bay,Port Phillip  Bay,2015-05-26,surface,8.8,36.0,,,,
2096,Newport,Port Phillip  Bay,2015-05-26,surface,,,9.8,460.0,58.0,90.0
2096,Newport,Port Phillip  Bay,2015-05-26,surface,8.4,24.0,,,,
369,Long Reef,Port Phillip  Bay,2015-06-26,surface,,,1.6,230.0,110.0,150.0
369,Long Reef,Port Phillip  Bay,2015-06-26,surface,9.3,37.0,,,,
939,Patterson River,Port Phillip  Bay,2015-06-26,surface,,,1.5,160.0,63.0,90.0
939,Patterson River,Port Phillip  Bay,2015-06-26,surface,8.9,36.0,,,,
1229,Central,Port Phillip  Bay,2015-06-26,surface,,,3.8,150.0,55.0,80.0
1229,Central,Port Phillip  Bay,2015-06-26,surface,8.8,37.0,,,,
1911,Corio,Port Phillip  Bay,2015-06-26,surface,,,1.7,180.0,62.0,90.0
1911,Corio,Port Phillip  Bay,2015-06-26,surface,8.8,37.0,,,,
1991,Hobsons Bay,Port Phillip  Bay,2015-06-26,surface,,,8.5,180.0,66.0,90.0
1991,Hobsons Bay,Port Phillip  Bay,2015-06-26,surface,9.0,36.0,,,,
2096,Newport,Port Phillip  Bay,2015-06-26,surface,,,3.3,250.0,65.0,90.0
2096,Newport,Port Phillip  Bay,2015-06-26,surface,8.5,34.0,,,,
369,Long Reef,Port Phillip  Bay,2015-07-23,surface,,,3.7,370.0,160.0,180.0
369,Long Reef,Port Phillip  Bay,2015-07-23,surface,9.5,36.0,,,,
939,Patterson River,Port Phillip  Bay,2015-07-23,surface,,,2.7,180.0,59.0,70.0
939,Patterson River,Port Phillip  Bay,2015-07-23,surface,9.4,36.0,,,,
1229,Central,Port Phillip  Bay,2015-07-23,surface,,,1.5,200.0,49.0,60.0
1229,Central,Port Phillip  Bay,2015-07-23,surface,9.0,36.0,,,,
1911,Corio,Port Phillip  Bay,2015-07-23,surface,,,2.9,230.0,60.0,70.0
1911,Corio,Port Phillip  Bay,2015-07-23,surface,8.9,37.0,,,,
1991,Hobsons Bay,Port Phillip  Bay,2015-07-23,surface,,,7.8,320.0,75.0,90.0
1991,Hobsons Bay,Port Phillip  Bay,2015-07-23,surface,9.4,35.0,,,,
2096,Newport,Port Phillip  Bay,2015-07-23,surface,,,6.8,460.0,85.0,100.0
2096,Newport,Port Phillip  Bay,2015-07-23,surface,9.2,30.0,,,,
369,Long Reef,Port Phillip  Bay,2015-08-19,surface,,,1.3,190.0,71.0,80.0
369,Long Reef,Port Phillip  Bay,2015-08-19,surface,9.4,37.0,,,,
939,Patterson River,Port Phillip  Bay,2015-08-19,surface,,,2.2,220.0,51.0,70.0
939,Patterson River,Port Phillip  Bay,2015-08-19,surface,9.4,36.0,,,,
1229,Central,Port Phillip  Bay,2015-08-19,surface,,,1.7,200.0,46.0,60.0
1229,Central,Port Phillip  Bay,2015-08-19,surface,9.4,36.0,,,,
1911,Corio,Port Phillip  Bay,2015-08-19,surface,,,1.8,230.0,58.0,70.0
1911,Corio,Port Phillip  Bay,2015-08-19,surface,9.2,37.0,,,,
1991,Hobsons Bay,Port Phillip  Bay,2015-08-19,surface,,,7.6,260.0,68.0,80.0
1991,Hobsons Bay,Port Phillip  Bay,2015-08-19,surface,8.4,36.0,,,,
2096,Newport,Port Phillip  Bay,2015-08-19,surface,,,5.5,450.0,45.0,70.0
2096,Newport,Port Phillip  Bay,2015-08-19,surface,9.5,27.0,,,,
369,Long Reef,Port Phillip  Bay,2015-10-29,surface,,37.0,3.0,300.0,110.0,120.0
369,Long Reef,Port Phillip  Bay,2015-10-29,surface,7.4,37.0,,,,
939,Patterson River,Port Phillip  Bay,2015-10-29,surface,7.7,36.0,1.7,220.0,54.0,70.0
939,Patterson River,Port Phillip  Bay,2015-10-29,surface,7.8,36.0,,,,
1229,Central,Port Phillip  Bay,2015-10-29,surface,7.8,36.0,1.8,160.0,42.0,60.0
1229,Central,Port Phillip  Bay,2015-10-29,surface,8.3,36.0,,,,
1911,Corio,Port Phillip  Bay,2015-10-29,surface,7.5,37.0,1.3,200.0,63.0,60.0
1911,Corio,Port Phillip  Bay,2015-10-29,surface,7.8,37.0,,,,
1991,Hobsons Bay,Port Phillip  Bay,2015-10-29,surface,7.7,36.0,1.8,230.0,75.0,80.0
1991,Hobsons Bay,Port Phillip  Bay,2015-10-29,surface,8.0,36.0,,,,
2096,Newport,Port Phillip  Bay,2015-10-29,surface,7.4,34.0,2.8,260.0,72.0,80.0
2096,Newport,Port Phillip  Bay,2015-10-29,surface,7.7,34.0,,,,
369,Long Reef,Port Phillip  Bay,2015-11-24,surface,,,0.7,280.0,65.0,80.0
369,Long Reef,Port Phillip  Bay,2015-11-24,surface,7.5,37.0,,,,
939,Patterson River,Port Phillip  Bay,2015-11-24,surface,,,1.6,260.0,57.0,70.0
939,Patterson River,Port Phillip  Bay,2015-11-24,surface,7.8,36.0,,,,
1229,Central,Port Phillip  Bay,2015-11-24,surface,,,0.9,260.0,50.0,60.0
1229,Central,Port Phillip  Bay,2015-11-24,surface,7.9,36.0,,,,
1911,Corio,Port Phillip  Bay,2015-11-24,surface,,,2.1,290.0,64.0,80.0
1911,Corio,Port Phillip  Bay,2015-11-24,surface,7.5,37.0,,,,
1991,Hobsons Bay,Port Phillip  Bay,2015-11-24,surface,,,1.9,280.0,79.0,100.0
1991,Hobsons Bay,Port Phillip  Bay,2015-11-24,surface,7.5,36.0,,,,
2096,Newport,Port Phillip  Bay,2015-11-24,surface,,,2.9,350.0,75.0,100.0
2096,Newport,Port Phillip  Bay,2015-11-24,surface,8.2,33.0,,,,
369,Long Reef,Port Phillip  Bay,2015-12-23,surface,,,1.5,250.0,69.0,80.0
369,Long Reef,Port Phillip  Bay,2015-12-23,surface,7.1,37.0,,,,
939,Patterson River,Port Phillip  Bay,2015-12-23,surface,,,1.0,230.0,59.0,70.0
939,Patterson River,Port Phillip  Bay,2015-12-23,surface,7.4,36.0,,,,
1229,Central,Port Phillip  Bay,2015-12-23,surface,,,0.5,210.0,52.0,60.0
1229,Central,Port Phillip  Bay,2015-12-23,surface,7.5,36.0,,,,
1911,Corio,Port Phillip  Bay,2015-12-23,surface,,,1.4,240.0,65.0,70.0
1911,Corio,Port Phillip  Bay,2015-12-23,surface,6.8,38.0,,,,
1991,Hobsons Bay,Port Phillip  Bay,2015-12-23,surface,,,1.3,270.0,70.0,80.0
1991,Hobsons Bay,Port Phillip  Bay,2015-12-23,surface,7.4,37.0,,,,
2096,Newport,Port Phillip  Bay,2015-12-23,surface,,,2.0,320.0,63.0,90.0
2096,Newport,Port Phillip  Bay,2015-12-23,surface,7.9,33.0,,,,
369,Long Reef,Port Phillip  Bay,2016-01-19,surface,,,3.2,340.0,100.0,130.0
369,Long Reef,Port Phillip  Bay,2016-01-19,surface,8.0,37.0,,,,
939,Patterson River,Port Phillip  Bay,2016-01-19,surface,,,0.7,210.0,60.0,70.0
939,Patterson River,Port Phillip  Bay,2016-01-19,surface,7.5,37.0,,,,
1229,Central,Port Phillip  Bay,2016-01-19,surface,,,1.3,220.0,58.0,60.0
1229,Central,Port Phillip  Bay,2016-01-19,surface,7.3,37.0,,,,
1911,Corio,Port Phillip  Bay,2016-01-19,surface,,,1.0,270.0,72.0,80.0
1911,Corio,Port Phillip  Bay,2016-01-19,surface,6.8,38.0,,,,
1991,Hobsons Bay,Port Phillip  Bay,2016-01-19,surface,,,3.5,260.0,64.0,80.0
1991,Hobsons Bay,Port Phillip  Bay,2016-01-19,surface,7.5,36.0,,,,
2096,Newport,Port Phillip  Bay,2016-01-19,surface,,,2.8,320.0,73.0,80.0
2096,Newport,Port Phillip  Bay,2016-01-19,surface,7.5,35.0,,,,
369,Long Reef,Port Phillip  Bay,2016-02-09,surface,,,1.5,280.0,150.0,160.0
369,Long Reef,Port Phillip  Bay,2016-02-09,surface,7.2,37.0,,,,
939,Patterson River,Port Phillip  Bay,2016-02-09,surface,,,0.8,170.0,58.0,70.0
939,Patterson River,Port Phillip  Bay,2016-02-09,surface,7.1,37.0,,,,
1229,Central,Port Phillip  Bay,2016-02-09,surface,,,1.1,210.0,57.0,60.0
1229,Central,Port Phillip  Bay,2016-02-09,surface,7.2,37.0,,,,
1911,Corio,Port Phillip  Bay,2016-02-09,surface,,,2.0,270.0,76.0,90.0
1911,Corio,Port Phillip  Bay,2016-02-09,surface,7.3,38.0,,,,
1991,Hobsons Bay,Port Phillip  Bay,2016-02-09,surface,,,2.5,250.0,75.0,90.0
1991,Hobsons Bay,Port Phillip  Bay,2016-02-09,surface,7.4,36.0,,,,
2096,Newport,Port Phillip  Bay,2016-02-09,surface,,,5.6,290.0,62.0,90.0
2096,Newport,Port Phillip  Bay,2016-02-09,surface,8.4,33.0,,,,
369,Long Reef,Port Phillip  Bay,2016-03-10,surface,,,1.1,310.0,96.0,110.0
369,Long Reef,Port Phillip  Bay,2016-03-10,surface,6.9,38.0,,,,
939,Patterson River,Port Phillip  Bay,2016-03-10,surface,,,1.6,270.0,68.0,80.0
939,Patterson River,Port Phillip  Bay,2016-03-10,surface,7.1,37.0,,,,
1229,Central,Port Phillip  Bay,2016-03-10,surface,,,1.2,210.0,67.0,70.0
1229,Central,Port Phillip  Bay,2016-03-10,surface,7.1,37.0,,,,
1911,Corio,Port Phillip  Bay,2016-03-10,surface,,,3.2,280.0,80.0,100.0
1911,Corio,Port Phillip  Bay,2016-03-10,surface,6.7,38.0,,,,
1991,Hobsons Bay,Port Phillip  Bay,2016-03-10,surface,,,1.5,270.0,94.0,110.0
1991,Hobsons Bay,Port Phillip  Bay,2016-03-10,surface,7.1,37.0,,,,
2096,Newport,Port Phillip  Bay,2016-03-10,surface,,,3.2,220.0,85.0,110.0
2096,Newport,Port Phillip  Bay,2016-03-10,surface,6.7,36.0,,,,
1991,Hobsons Bay,Port Phillip  Bay,2016-04-08,surface,,,1.8,300.0,81.0,90.0
1991,Hobsons Bay,Port Phillip  Bay,2016-04-08,surface,7.4,36.0,,,,
2096,Newport,Port Phillip  Bay,2016-04-08,surface,,,5.0,380.0,85.0,100.0
2096,Newport,Port Phillip  Bay,2016-04-08,surface,6.8,34.0,,,,
369,Long Reef,Port Phillip  Bay,2016-04-22,surface,,,2.1,310.0,120.0,140.0
369,Long Reef,Port Phillip  Bay,2016-04-22,surface,8.4,37.0,,,,
1911,Corio,Port Phillip  Bay,2016-04-22,surface,,,5.0,310.0,79.0,90.0
1911,Corio,Port Phillip  Bay,2016-04-22,surface,8.0,38.0,,,,
369,Long Reef,Port Phillip  Bay,2016-05-12,surface,,,2.7,270.0,110.0,120.0
369,Long Reef,Port Phillip  Bay,2016-05-12,surface,8.1,37.0,,,,
1911,Corio,Port Phillip  Bay,2016-05-12,surface,,,4.8,320.0,80.0,100.0
1911,Corio,Port Phillip  Bay,2016-05-12,surface,8.0,38.0,,,,
2096,Newport,Port Phillip  Bay,2016-05-12,surface,,,4.3,300.0,71.0,80.0
2096,Newport,Port Phillip  Bay,2016-05-12,surface,7.5,35.0,,,,
939,Patterson River,Port Phillip  Bay,2016-05-13,surface,,,1.8,250.0,65.0,70.0
939,Patterson River,Port Phillip  Bay,2016-05-13,surface,8.0,37.0,,,,
1229,Central,Port Phillip  Bay,2016-05-13,surface,,,1.6,230.0,58.0,70.0
1229,Central,Port Phillip  Bay,2016-05-13,surface,7.9,37.0,,,,
1991,Hobsons Bay,Port Phillip  Bay,2016-05-13,surface,,,2.0,240.0,69.0,80.0
1991,Hobsons Bay,Port Phillip  Bay,2016-05-13,surface,7.8,37.0,,,,
369,Long Reef,Port Phillip  Bay,2016-06-16,surface,,,0.7,480.0,210.0,220.0
369,Long Reef,Port Phillip  Bay,2016-06-16,surface,9.3,37.0,,,,
1911,Corio,Port Phillip  Bay,2016-06-16,surface,,,4.5,280.0,77.0,90.0
1911,Corio,Port Phillip  Bay,2016-06-16,surface,9.1,38.0,,,,
1991,Hobsons Bay,Port Phillip  Bay,2016-06-16,surface,,,1.7,240.0,66.0,80.0
1991,Hobsons Bay,Port Phillip  Bay,2016-06-16,surface,8.6,36.0,,,,
939,Patterson River,Port Phillip  Bay,2016-06-17,surface,,,1.2,210.0,66.0,80.0
1229,Central,Port Phillip  Bay,2016-06-17,surface,,,1.2,200.0,54.0,70.0
1229,Central,Port Phillip  Bay,2016-06-17,surface,8.7,37.0,,,,
2096,Newport,Port Phillip  Bay,2016-06-17,surface,,,3.0,320.0,67.0,90.0
2096,Newport,Port Phillip  Bay,2016-06-17,surface,8.5,36.0,,,,
369,Long Reef,Port Phillip  Bay,2016-07-15,surface,,,0.7,290.0,100.0,120.0
369,Long Reef,Port Phillip  Bay,2016-07-15,surface,9.3,37.0,,,,
939,Patterson River,Port Phillip  Bay,2016-07-15,surface,,,1.6,400.0,66.0,80.0
939,Patterson River,Port Phillip  Bay,2016-07-15,surface,9.2,36.0,,,,
1911,Corio,Port Phillip  Bay,2016-07-15,surface,,,1.4,400.0,68.0,90.0
1911,Corio,Port Phillip  Bay,2016-07-15,surface,9.0,37.0,,,,
1991,Hobsons Bay,Port Phillip  Bay,2016-07-15,surface,,,0.9,240.0,62.0,80.0
1991,Hobsons Bay,Port Phillip  Bay,2016-07-15,surface,9.2,36.0,,,,
2096,Newport,Port Phillip  Bay,2016-07-15,surface,,,8.5,460.0,58.0,70.0
2096,Newport,Port Phillip  Bay,2016-07-15,surface,9.1,35.0,,,,
369,Long Reef,Port Phillip  Bay,2016-08-04,surface,,,0.9,210.0,99.0,110.0
369,Long Reef,Port Phillip  Bay,2016-08-04,surface,9.0,37.0,,,,
939,Patterson River,Port Phillip  Bay,2016-08-04,surface,,,2.1,200.0,57.0,70.0
939,Patterson River,Port Phillip  Bay,2016-08-04,surface,9.1,36.0,,,,
1911,Corio,Port Phillip  Bay,2016-08-04,surface,,,2.1,240.0,72.0,80.0
1911,Corio,Port Phillip  Bay,2016-08-04,surface,9.1,37.0,,,,
1991,Hobsons Bay,Port Phillip  Bay,2016-08-04,surface,,,1.0,400.0,56.0,70.0
1991,Hobsons Bay,Port Phillip  Bay,2016-08-04,surface,9.1,30.0,,,,
2096,Newport,Port Phillip  Bay,2016-08-04,surface,,,9.5,870.0,46.0,80.0
2096,Newport,Port Phillip  Bay,2016-08-04,surface,9.0,24.0,,,,
369,Long Reef,Port Phillip  Bay,2016-09-20,surface,,,3.9,410.0,180.0,200.0
369,Long Reef,Port Phillip  Bay,2016-09-20,surface,,36.0,,,,
939,Patterson River,Port Phillip  Bay,2016-09-20,surface,,,2.2,240.0,33.0,60.0
939,Patterson River,Port Phillip  Bay,2016-09-20,surface,8.5,35.0,,,,
1229,Central,Port Phillip  Bay,2016-09-20,surface,,,0.5,190.0,43.0,60.0
1229,Central,Port Phillip  Bay,2016-09-20,surface,8.4,36.0,,,,
1911,Corio,Port Phillip  Bay,2016-09-20,surface,,,1.2,220.0,57.0,60.0
1911,Corio,Port Phillip  Bay,2016-09-20,surface,8.2,36.0,,,,
1991,Hobsons Bay,Port Phillip  Bay,2016-09-20,surface,,,7.5,360.0,52.0,70.0
1991,Hobsons Bay,Port Phillip  Bay,2016-09-20,surface,8.5,32.0,,,,
369,Long Reef,Port Phillip  Bay,2016-10-13,surface,,,4.4,230.0,94.0,110.0
369,Long Reef,Port Phillip  Bay,2016-10-13,surface,8.7,36.0,,,,
939,Patterson River,Port Phillip  Bay,2016-10-13,surface,,,1.3,180.0,46.0,60.0
939,Patterson River,Port Phillip  Bay,2016-10-13,surface,8.6,35.0,,,,
1229,Central,Port Phillip  Bay,2016-10-13,surface,,,1.5,160.0,51.0,60.0
1229,Central,Port Phillip  Bay,2016-10-13,surface,,36.0,,,,
1911,Corio,Port Phillip  Bay,2016-10-13,surface,,,1.7,220.0,65.0,80.0
1911,Corio,Port Phillip  Bay,2016-10-13,surface,8.5,36.0,,,,
1991,Hobsons Bay,Port Phillip  Bay,2016-10-13,surface,,,4.6,250.0,44.0,60.0
1991,Hobsons Bay,Port Phillip  Bay,2016-10-13,surface,,33.0,,,,
369,Long Reef,Port Phillip  Bay,2016-11-08,surface,,,1.3,210.0,62.0,70.0
369,Long Reef,Port Phillip  Bay,2016-11-08,surface,8.2,36.0,,,,
939,Patterson River,Port Phillip  Bay,2016-11-08,surface,,,2.5,210.0,63.0,70.0
939,Patterson River,Port Phillip  Bay,2016-11-08,surface,7.6,35.0,,,,
1229,Central,Port Phillip  Bay,2016-11-08,surface,,,1.7,190.0,50.0,60.0
1229,Central,Port Phillip  Bay,2016-11-08,surface,,36.0,,,,
1911,Corio,Port Phillip  Bay,2016-11-08,surface,,,14.0,230.0,60.0,70.0
1911,Corio,Port Phillip  Bay,2016-11-08,surface,8.0,37.0,,,,
1991,Hobsons Bay,Port Phillip  Bay,2016-11-08,surface,,,3.8,250.0,82.0,110.0
1991,Hobsons Bay,Port Phillip  Bay,2016-11-08,surface,,35.0,,,,
369,Long Reef,Port Phillip  Bay,2016-12-07,surface,,,1.7,260.0,13.0,150.0
369,Long Reef,Port Phillip  Bay,2016-12-07,surface,7.2,36.0,,,,
939,Patterson River,Port Phillip  Bay,2016-12-07,surface,,,0.3,190.0,52.0,60.0
939,Patterson River,Port Phillip  Bay,2016-12-07,surface,7.5,36.0,,,,
1229,Central,Port Phillip  Bay,2016-12-07,surface,,,0.9,170.0,49.0,60.0
1229,Central,Port Phillip  Bay,2016-12-07,surface,,36.0,,,,
1282,Dromana,Port Phillip  Bay,2016-12-07,surface,,,1.4,170.0,40.0,50.0
1282,Dromana,Port Phillip  Bay,2016-12-07,surface,7.5,36.0,,,,
1911,Corio,Port Phillip  Bay,2016-12-07,surface,,,1.4,180.0,54.0,60.0
1911,Corio,Port Phillip  Bay,2016-12-07,surface,7.0,37.0,,,,
1991,Hobsons Bay,Port Phillip  Bay,2016-12-07,surface,,,3.1,260.0,71.0,90.0
1991,Hobsons Bay,Port Phillip  Bay,2016-12-07,surface,6.9,35.0,,,,
369,Long Reef,Port Phillip  Bay,2017-01-06,surface,,,2.2,250.0,72.0,90.0
369,Long Reef,Port Phillip  Bay,2017-01-06,surface,,37.0,,,,
939,Patterson River,Port Phillip  Bay,2017-01-06,surface,,,2.6,240.0,53.0,70.0
939,Patterson River,Port Phillip  Bay,2017-01-06,surface,,36.0,,,,
1229,Central,Port Phillip  Bay,2017-01-06,surface,,,1.2,230.0,55.0,60.0
1229,Central,Port Phillip  Bay,2017-01-06,surface,,36.0,,,,
1282,Dromana,Port Phillip  Bay,2017-01-06,surface,,36.0,,,,
1911,Corio,Port Phillip  Bay,2017-01-06,surface,,,3.5,260.0,70.0,80.0
1911,Corio,Port Phillip  Bay,2017-01-06,surface,,37.0,,,,
1991,Hobsons Bay,Port Phillip  Bay,2017-01-06,surface,,,3.3,290.0,41.0,70.0
1991,Hobsons Bay,Port Phillip  Bay,2017-01-06,surface,,34.0,,,,
369,Long Reef,Port Phillip  Bay,2017-02-17,surface,,,4.6,270.0,69.0,100.0
369,Long Reef,Port Phillip  Bay,2017-02-17,surface,,37.0,,,,
939,Patterson River,Port Phillip  Bay,2017-02-17,surface,,,0.9,210.0,59.0,70.0
939,Patterson River,Port Phillip  Bay,2017-02-17,surface,,36.0,,,,
1229,Central,Port Phillip  Bay,2017-02-17,surface,,,2.5,200.0,54.0,60.0
1229,Central,Port Phillip  Bay,2017-02-17,surface,,36.0,,,,
1282,Dromana,Port Phillip  Bay,2017-02-17,surface,,,3.9,200.0,47.0,60.0
1282,Dromana,Port Phillip  Bay,2017-02-17,surface,,36.0,,,,
1911,Corio,Port Phillip  Bay,2017-02-17,surface,,,6.5,250.0,80.0,90.0
1911,Corio,Port Phillip  Bay,2017-02-17,surface,,37.0,,,,
1991,Hobsons Bay,Port Phillip  Bay,2017-02-17,surface,,,3.6,270.0,81.0,90.0
1991,Hobsons Bay,Port Phillip  Bay,2017-02-17,surface,,35.0,,,,
369,Long Reef,Port Phillip  Bay,2017-03-08,surface,,,27.0,400.0,130.0,160.0
369,Long Reef,Port Phillip  Bay,2017-03-08,surface,,36.0,,,,
1911,Corio,Port Phillip  Bay,2017-03-08,surface,,,14.0,270.0,71.0,90.0
1911,Corio,Port Phillip  Bay,2017-03-08,surface,,38.0,,,,
939,Patterson River,Port Phillip  Bay,2017-03-09,surface,,,2.0,200.0,52.0,60.0
939,Patterson River,Port Phillip  Bay,2017-03-09,surface,5.0,36.0,,,,
1229,Central,Port Phillip  Bay,2017-03-09,surface,,,8.0,230.0,61.0,80.0
1229,Central,Port Phillip  Bay,2017-03-09,surface,5.3,36.0,,,,
1282,Dromana,Port Phillip  Bay,2017-03-09,surface,,,1.2,210.0,44.0,60.0
1282,Dromana,Port Phillip  Bay,2017-03-09,surface,4.8,36.0,,,,
1991,Hobsons Bay,Port Phillip  Bay,2017-03-09,surface,,,3.8,260.0,69.0,90.0
1991,Hobsons Bay,Port Phillip  Bay,2017-03-09,surface,5.0,35.0,,,,
939,Patterson River,Port Phillip  Bay,2017-04-06,surface,,,1.5,200.0,44.0,60.0
939,Patterson River,Port Phillip  Bay,2017-04-06,surface,,36.0,,,,
1229,Central,Port Phillip  Bay,2017-04-06,surface,,,2.7,190.0,57.0,60.0
1229,Central,Port Phillip  Bay,2017-04-06,surface,,37.0,,,,
1282,Dromana,Port Phillip  Bay,2017-04-06,surface,,,1.9,170.0,23.0,40.0
1282,Dromana,Port Phillip  Bay,2017-04-06,surface,,36.0,,,,
1991,Hobsons Bay,Port Phillip  Bay,2017-04-06,surface,,,3.7,240.0,53.0,80.0
1991,Hobsons Bay,Port Phillip  Bay,2017-04-06,surface,,35.0,,,,
369,Long Reef,Port Phillip  Bay,2017-04-07,surface,,,12.0,290.0,110.0,140.0
369,Long Reef,Port Phillip  Bay,2017-04-07,surface,,37.0,,,,
1911,Corio,Port Phillip  Bay,2017-04-07,surface,,,11.0,250.0,69.0,90.0
1911,Corio,Port Phillip  Bay,2017-04-07,surface,,37.0,,,,
939,Patterson River,Port Phillip  Bay,2017-05-05,surface,,,1.7,250.0,79.0,90.0
939,Patterson River,Port Phillip  Bay,2017-05-05,surface,,35.0,,,,
1229,Central,Port Phillip  Bay,2017-05-05,surface,,,11.0,200.0,68.0,70.0
1229,Central,Port Phillip  Bay,2017-05-05,surface,,36.0,,,,
1282,Dromana,Port Phillip  Bay,2017-05-05,surface,,,1.3,230.0,65.0,70.0
1282,Dromana,Port Phillip  Bay,2017-05-05,surface,,36.0,,,,
1991,Hobsons Bay,Port Phillip  Bay,2017-05-05,surface,,,5.8,330.0,96.0,110.0
1991,Hobsons Bay,Port Phillip  Bay,2017-05-05,surface,,35.0,,,,
369,Long Reef,Port Phillip  Bay,2017-05-10,surface,,,1.9,240.0,65.0,90.0
369,Long Reef,Port Phillip  Bay,2017-05-10,surface,,36.0,,,,
1911,Corio,Port Phillip  Bay,2017-05-10,surface,,,0.9,260.0,87.0,90.0
1911,Corio,Port Phillip  Bay,2017-05-10,surface,,36.0,,,,
939,Patterson River,Port Phillip  Bay,2017-06-07,surface,,,1.1,210.0,68.0,80.0
939,Patterson River,Port Phillip  Bay,2017-06-07,surface,,36.0,,,,
1229,Central,Port Phillip  Bay,2017-06-07,surface,,,1.3,200.0,61.0,70.0
1229,Central,Port Phillip  Bay,2017-06-07,surface,,36.0,,,,
1282,Dromana,Port Phillip  Bay,2017-06-07,surface,,,1.0,150.0,21.0,30.0
1282,Dromana,Port Phillip  Bay,2017-06-07,surface,,36.0,,,,
1991,Hobsons Bay,Port Phillip  Bay,2017-06-07,surface,,,3.9,310.0,99.0,120.0
1991,Hobsons Bay,Port Phillip  Bay,2017-06-07,surface,,35.0,,,,
369,Long Reef,Port Phillip  Bay,2017-06-08,surface,,,1.5,230.0,85.0,100.0
369,Long Reef,Port Phillip  Bay,2017-06-08,surface,,36.0,,,,
1911,Corio,Port Phillip  Bay,2017-06-08,surface,,,1.0,220.0,74.0,80.0
1911,Corio,Port Phillip  Bay,2017-06-08,surface,,37.0,,,,
939,Patterson River,Port Phillip  Bay,2017-08-30,surface,,,3.8,210.0,54.0,60.0
939,Patterson River,Port Phillip  Bay,2017-08-30,surface,8.9,35.0,,,,
1229,Central,Port Phillip  Bay,2017-08-30,surface,,,1.9,200.0,55.0,60.0
1229,Central,Port Phillip  Bay,2017-08-30,surface,8.8,36.0,,,,
1282,Dromana,Port Phillip  Bay,2017-08-30,surface,,,4.0,180.0,37.0,40.0
1282,Dromana,Port Phillip  Bay,2017-08-30,surface,7.5,35.0,,,,
1991,Hobsons Bay,Port Phillip  Bay,2017-08-30,surface,,,2.9,280.0,89.0,110.0
1991,Hobsons Bay,Port Phillip  Bay,2017-08-30,surface,9.4,36.0,,,,
369,Long Reef,Port Phillip  Bay,2017-08-31,surface,,,4.4,230.0,86.0,90.0
369,Long Reef,Port Phillip  Bay,2017-08-31,surface,8.9,36.0,,,,
1911,Corio,Port Phillip  Bay,2017-08-31,surface,,,1.0,220.0,65.0,70.0
1911,Corio,Port Phillip  Bay,2017-08-31,surface,8.8,36.0,,,,
939,Patterson River,Port Phillip  Bay,2017-10-03,surface,,,0.8,220.0,47.0,70.0
939,Patterson River,Port Phillip  Bay,2017-10-03,surface,8.2,35.0,,,,
1229,Central,Port Phillip  Bay,2017-10-03,surface,,,1.0,160.0,47.0,50.0
1229,Central,Port Phillip  Bay,2017-10-03,surface,8.3,36.0,,,,
1282,Dromana,Port Phillip  Bay,2017-10-03,surface,,,2.8,180.0,24.0,30.0
1282,Dromana,Port Phillip  Bay,2017-10-03,surface,8.3,36.0,,,,
1991,Hobsons Bay,Port Phillip  Bay,2017-10-03,surface,,,2.1,240.0,72.0,100.0
1991,Hobsons Bay,Port Phillip  Bay,2017-10-03,surface,8.4,36.0,,,,
369,Long Reef,Port Phillip  Bay,2017-10-04,surface,,,1.0,340.0,120.0,130.0
369,Long Reef,Port Phillip  Bay,2017-10-04,surface,9.4,36.0,,,,
1911,Corio,Port Phillip  Bay,2017-10-04,surface,,,1.3,230.0,62.0,70.0
1911,Corio,Port Phillip  Bay,2017-10-04,surface,8.4,36.0,,,,
369,Long Reef,Port Phillip  Bay,2017-12-18,surface,,,1.5,270.0,140.0,160.0
369,Long Reef,Port Phillip  Bay,2017-12-18,surface,7.3,36.0,,,,
939,Patterson River,Port Phillip  Bay,2017-12-18,surface,,,0.7,200.0,51.0,60.0
939,Patterson River,Port Phillip  Bay,2017-12-18,surface,7.0,36.0,,,,
1229,Central,Port Phillip  Bay,2017-12-18,surface,,,1.2,220.0,46.0,60.0
1229,Central,Port Phillip  Bay,2017-12-18,surface,5.6,35.0,,,,
1282,Dromana,Port Phillip  Bay,2017-12-18,surface,,,0.8,190.0,45.0,60.0
1282,Dromana,Port Phillip  Bay,2017-12-18,surface,7.2,36.0,,,,
1911,Corio,Port Phillip  Bay,2017-12-18,surface,,,1.7,240.0,52.0,80.0
1911,Corio,Port Phillip  Bay,2017-12-18,surface,7.3,37.0,,,,
1991,Hobsons Bay,Port Phillip  Bay,2017-12-18,surface,,,8.8,310.0,53.0,100.0
1991,Hobsons Bay,Port Phillip  Bay,2017-12-18,surface,7.6,34.0,,,,
369,Long Reef,Port Phillip  Bay,2018-02-06,surface,,,2.2,320.0,180.0,220.0
369,Long Reef,Port Phillip  Bay,2018-02-06,surface,7.0,36.0,,,,
1911,Corio,Port Phillip  Bay,2018-02-06,surface,,,4.5,270.0,74.0,100.0
1911,Corio,Port Phillip  Bay,2018-02-06,surface,6.9,37.0,,,,
1991,Hobsons Bay,Port Phillip  Bay,2018-02-06,surface,,,9.4,240.0,64.0,90.0
1991,Hobsons Bay,Port Phillip  Bay,2018-02-06,surface,7.2,35.0,,,,
939,Patterson River,Port Phillip  Bay,2018-02-08,surface,,,1.5,200.0,30.0,80.0
939,Patterson River,Port Phillip  Bay,2018-02-08,surface,5.2,36.0,,,,
1229,Central,Port Phillip  Bay,2018-02-08,surface,,,2.6,190.0,43.0,60.0
1229,Central,Port Phillip  Bay,2018-02-08,surface,5.1,36.0,,,,
1282,Dromana,Port Phillip  Bay,2018-02-08,surface,,,1.9,210.0,61.0,80.0
1282,Dromana,Port Phillip  Bay,2018-02-08,surface,5.5,36.0,,,,
369,Long Reef,Port Phillip  Bay,2018-05-16,surface,,,1.9,230.0,68.0,80.0
369,Long Reef,Port Phillip  Bay,2018-05-16,surface,7.8,37.0,,,,
939,Patterson River,Port Phillip  Bay,2018-05-16,surface,,,4.2,220.0,65.0,70.0
939,Patterson River,Port Phillip  Bay,2018-05-16,surface,7.8,36.0,,,,
1229,Central,Port Phillip  Bay,2018-05-16,surface,,,1.4,220.0,55.0,60.0
1229,Central,Port Phillip  Bay,2018-05-16,surface,7.6,37.0,,,,
1282,Dromana,Port Phillip  Bay,2018-05-16,surface,7.7,36.0,,,,
1911,Corio,Port Phillip  Bay,2018-05-16,surface,,,2.0,260.0,64.0,80.0
1911,Corio,Port Phillip  Bay,2018-05-16,surface,8.1,38.0,,,,
1991,Hobsons Bay,Port Phillip  Bay,2018-05-16,surface,,,2.6,330.0,92.0,110.0
1991,Hobsons Bay,Port Phillip  Bay,2018-05-16,surface,7.8,35.0,,,,
369,Long Reef,Port Phillip  Bay,2018-06-21,surface,,,3.5,360.0,110.0,130.0
369,Long Reef,Port Phillip  Bay,2018-06-21,surface,8.3,37.0,,,,
939,Patterson River,Port Phillip  Bay,2018-06-21,surface,,,2.5,260.0,62.0,70.0
939,Patterson River,Port Phillip  Bay,2018-06-21,surface,8.4,35.0,,,,
1229,Central,Port Phillip  Bay,2018-06-21,surface,,,1.4,240.0,57.0,70.0
1229,Central,Port Phillip  Bay,2018-06-21,surface,8.0,37.0,,,,
1282,Dromana,Port Phillip  Bay,2018-06-21,surface,,,1.5,180.0,44.0,50.0
1282,Dromana,Port Phillip  Bay,2018-06-21,surface,8.1,36.0,,,,
1911,Corio,Port Phillip  Bay,2018-06-21,surface,,,2.0,230.0,57.0,70.0
1911,Corio,Port Phillip  Bay,2018-06-21,surface,8.5,37.0,,,,
1991,Hobsons Bay,Port Phillip  Bay,2018-06-21,surface,,,5.3,350.0,82.0,100.0
1991,Hobsons Bay,Port Phillip  Bay,2018-06-21,surface,8.5,36.0,,,,
369,Long Reef,Port Phillip  Bay,2018-08-28,surface,9.4,37.0,1.2,220.0,82.0,90.0
939,Patterson River,Port Phillip  Bay,2018-08-28,surface,11.0,36.0,1.3,190.0,53.0,60.0
1229,Central,Port Phillip  Bay,2018-08-28,surface,11.0,36.0,1.0,210.0,57.0,70.0
1282,Dromana,Port Phillip  Bay,2018-08-28,surface,11.0,36.0,1.2,190.0,40.0,50.0
1911,Corio,Port Phillip  Bay,2018-08-28,surface,11.0,37.0,1.8,220.0,59.0,70.0
1991,Hobsons Bay,Port Phillip  Bay,2018-08-28,surface,11.0,36.0,1.1,240.0,63.0,80.0
369,Long Reef,Port Phillip  Bay,2018-09-21,surface,9.4,37.0,1.4,220.0,77.0,90.0
1229,Central,Port Phillip  Bay,2018-09-21,surface,12.0,36.0,1.3,200.0,50.0,60.0
1911,Corio,Port Phillip  Bay,2018-09-21,surface,13.0,37.0,1.8,240.0,55.0,70.0
1991,Hobsons Bay,Port Phillip  Bay,2018-09-21,surface,12.0,36.0,1.0,200.0,46.0,60.0
939,Patterson River,Port Phillip  Bay,2018-09-26,surface,12.0,36.0,1.0,220.0,50.0,60.0
1282,Dromana,Port Phillip  Bay,2018-09-26,surface,13.0,36.0,1.6,210.0,30.0,40.0
369,Long Reef,Port Phillip  Bay,2018-10-25,surface,,37.0,,,,
369,Long Reef,Port Phillip  Bay,2018-10-25,surface,8.0,,3.3,320.0,99.0,120.0
939,Patterson River,Port Phillip  Bay,2018-10-25,surface,16.0,36.0,1.1,220.0,54.0,60.0
1229,Central,Port Phillip  Bay,2018-10-25,surface,16.0,36.0,0.7,200.0,46.0,50.0
1282,Dromana,Port Phillip  Bay,2018-10-25,surface,15.0,36.0,1.1,200.0,44.0,50.0
1911,Corio,Port Phillip  Bay,2018-10-25,surface,16.0,36.0,1.1,250.0,57.0,70.0
1991,Hobsons Bay,Port Phillip  Bay,2018-10-25,surface,16.0,35.0,,,,
1991,Hobsons Bay,Port Phillip  Bay,2018-10-25,surface,,,4.6,230.0,50.0,60.0
369,Long Reef,Port Phillip  Bay,2018-12-12,surface,7.6,37.0,2.2,310.0,120.0,150.0
939,Patterson River,Port Phillip  Bay,2018-12-12,surface,16.0,36.0,2.4,230.0,57.0,70.0
1229,Central,Port Phillip  Bay,2018-12-12,surface,19.0,36.0,1.6,220.0,48.0,60.0
1282,Dromana,Port Phillip  Bay,2018-12-12,surface,19.0,36.0,0.8,210.0,45.0,60.0
1911,Corio,Port Phillip  Bay,2018-12-12,surface,21.0,37.0,3.4,260.0,58.0,70.0
1991,Hobsons Bay,Port Phillip  Bay,2018-12-12,surface,21.0,36.0,4.6,300.0,63.0,90.0
369,Long Reef,Port Phillip  Bay,2019-01-03,surface,7.1,37.0,7.6,430.0,140.0,180.0
939,Patterson River,Port Phillip  Bay,2019-01-03,surface,22.0,36.0,1.3,310.0,57.0,70.0
1229,Central,Port Phillip  Bay,2019-01-03,surface,21.0,36.0,1.7,260.0,48.0,60.0
1282,Dromana,Port Phillip  Bay,2019-01-03,surface,21.0,36.0,2.6,250.0,53.0,70.0
1911,Corio,Port Phillip  Bay,2019-01-03,surface,23.0,37.0,2.2,380.0,61.0,80.0
1991,Hobsons Bay,Port Phillip  Bay,2019-01-03,surface,23.0,35.0,3.8,320.0,67.0,100.0
369,Long Reef,Port Phillip  Bay,2019-01-30,surface,7.0,36.0,3.7,340.0,120.0,160.0
939,Patterson River,Port Phillip  Bay,2019-01-30,surface,24.0,37.0,1.7,270.0,48.0,160.0
1229,Central,Port Phillip  Bay,2019-01-30,surface,23.0,36.0,2.0,240.0,47.0,60.0
1282,Dromana,Port Phillip  Bay,2019-01-30,surface,23.0,36.0,4.4,300.0,46.0,60.0
1911,Corio,Port Phillip  Bay,2019-01-30,surface,25.0,38.0,3.5,330.0,71.0,100.0
1991,Hobsons Bay,Port Phillip  Bay,2019-01-30,surface,25.0,36.0,7.0,320.0,69.0,100.0
369,Long Reef,Port Phillip  Bay,2019-03-07,surface,7.1,38.0,0.9,310.0,83.0,110.0
939,Patterson River,Port Phillip  Bay,2019-03-07,surface,6.8,37.0,1.9,360.0,60.0,80.0
1229,Central,Port Phillip  Bay,2019-03-07,surface,6.5,37.0,17.0,270.0,56.0,80.0
1282,Dromana,Port Phillip  Bay,2019-03-07,surface,7.2,37.0,0.8,260.0,30.0,40.0
1911,Corio,Port Phillip  Bay,2019-03-07,surface,7.5,38.0,3.3,340.0,55.0,90.0
1991,Hobsons Bay,Port Phillip  Bay,2019-03-07,surface,6.5,37.0,4.3,300.0,71.0,100.0
369,Long Reef,Port Phillip  Bay,2019-04-04,surface,,,2.2,300.0,96.0,120.0
939,Patterson River,Port Phillip  Bay,2019-04-04,surface,7.4,37.0,1.1,280.0,38.0,50.0
1229,Central,Port Phillip  Bay,2019-04-04,surface,7.3,37.0,1.7,230.0,58.0,60.0
1282,Dromana,Port Phillip  Bay,2019-04-04,surface,7.4,37.0,1.3,230.0,34.0,40.0
1911,Corio,Port Phillip  Bay,2019-04-04,surface,7.3,39.0,2.5,340.0,63.0,90.0
1991,Hobsons Bay,Port Phillip  Bay,2019-04-04,surface,7.7,37.0,1.3,320.0,66.0,90.0
369,Long Reef,Port Phillip  Bay,2019-05-15,surface,14.0,38.0,1.4,220.0,70.0,70.0
939,Patterson River,Port Phillip  Bay,2019-05-15,surface,15.0,37.0,1.8,190.0,47.0,60.0
1229,Central,Port Phillip  Bay,2019-05-15,surface,16.0,37.0,3.0,230.0,62.0,70.0
1282,Dromana,Port Phillip  Bay,2019-05-15,surface,15.0,37.0,2.4,200.0,39.0,40.0
1991,Hobsons Bay,Port Phillip  Bay,2019-05-15,surface,15.0,37.0,1.6,320.0,100.0,110.0
369,Long Reef,Port Phillip  Bay,2019-06-07,surface,12.0,37.0,2.3,250.0,73.0,80.0
939,Patterson River,Port Phillip  Bay,2019-06-07,surface,12.0,36.0,1.5,290.0,75.0,80.0
1229,Central,Port Phillip  Bay,2019-06-07,surface,13.0,37.0,2.2,250.0,49.0,60.0
1282,Dromana,Port Phillip  Bay,2019-06-07,surface,13.0,37.0,1.5,200.0,49.0,50.0
1911,Corio,Port Phillip  Bay,2019-06-07,surface,12.0,37.0,1.9,280.0,67.0,70.0
1991,Hobsons Bay,Port Phillip  Bay,2019-06-07,surface,12.0,35.0,2.2,400.0,93.0,100.0
369,Long Reef,Port Phillip  Bay,2019-06-21,surface,11.0,37.0,2.6,290.0,88.0,100.0
939,Patterson River,Port Phillip  Bay,2019-06-21,surface,12.0,36.0,5.2,220.0,63.0,70.0
1229,Central,Port Phillip  Bay,2019-06-21,surface,12.0,37.0,2.7,230.0,56.0,70.0
1282,Dromana,Port Phillip  Bay,2019-06-21,surface,12.0,36.0,2.9,210.0,49.0,60.0
1911,Corio,Port Phillip  Bay,2019-06-21,surface,11.0,37.0,3.1,140.0,49.0,60.0
1991,Hobsons Bay,Port Phillip  Bay,2019-06-21,surface,12.0,37.0,5.2,190.0,61.0,70.0
369,Long Reef,Port Phillip  Bay,2019-08-02,surface,9.2,37.0,3.8,240.0,67.0,80.0
939,Patterson River,Port Phillip  Bay,2019-08-02,surface,8.8,36.0,1.7,210.0,54.0,60.0
1229,Central,Port Phillip  Bay,2019-08-02,surface,8.8,37.0,2.8,220.0,51.0,60.0
1282,Dromana,Port Phillip  Bay,2019-08-02,surface,8.7,36.0,1.8,180.0,56.0,60.0
1911,Corio,Port Phillip  Bay,2019-08-02,surface,8.9,37.0,14.0,310.0,57.0,70.0
1991,Hobsons Bay,Port Phillip  Bay,2019-08-02,surface,11.0,36.0,4.2,260.0,100.0,140.0
369,Long Reef,Port Phillip  Bay,2019-08-27,surface,8.9,37.0,1.1,230.0,47.0,60.0
939,Patterson River,Port Phillip  Bay,2019-08-27,surface,8.9,36.0,2.3,240.0,79.0,80.0
1229,Central,Port Phillip  Bay,2019-08-27,surface,8.8,36.0,1.7,220.0,44.0,60.0
1282,Dromana,Port Phillip  Bay,2019-08-27,surface,8.7,36.0,2.5,240.0,35.0,40.0
1282,Dromana,Port Phillip  Bay,2019-08-27,surface,8.7,36.0,,,,
1911,Corio,Port Phillip  Bay,2019-08-27,surface,8.9,37.0,2.4,25.0,62.0,70.0
1991,Hobsons Bay,Port Phillip  Bay,2019-08-27,surface,9.0,36.0,2.3,260.0,62.0,90.0
369,Long Reef,Port Phillip  Bay,2019-09-25,surface,8.8,36.0,1.6,220.0,66.0,80.0
939,Patterson River,Port Phillip  Bay,2019-09-25,surface,8.7,35.0,10.0,250.0,54.0,70.0
1229,Central,Port Phillip  Bay,2019-09-25,surface,8.6,36.0,5.0,200.0,48.0,60.0
1282,Dromana,Port Phillip  Bay,2019-09-25,surface,8.5,36.0,1.0,240.0,34.0,40.0
1911,Corio,Port Phillip  Bay,2019-09-25,surface,8.4,37.0,3.2,230.0,55.0,60.0
1991,Hobsons Bay,Port Phillip  Bay,2019-09-25,surface,8.6,36.0,0.8,220.0,54.0,60.0
369,Long Reef,Port Phillip  Bay,2019-10-21,surface,8.1,37.0,1.3,220.0,54.0,80.0
1229,Central,Port Phillip  Bay,2019-10-21,surface,8.4,36.0,1.1,260.0,52.0,60.0
1911,Corio,Port Phillip  Bay,2019-10-21,surface,7.8,37.0,2.1,240.0,53.0,70.0
1991,Hobsons Bay,Port Phillip  Bay,2019-10-21,surface,8.1,35.0,2.4,260.0,62.0,80.0
939,Patterson River,Port Phillip  Bay,2019-10-22,surface,8.0,36.0,3.4,210.0,58.0,70.0
1282,Dromana,Port Phillip  Bay,2019-10-22,surface,8.2,36.0,1.9,170.0,28.0,30.0
369,Long Reef,Port Phillip  Bay,2019-11-20,surface,9.0,36.0,2.0,400.0,140.0,150.0
939,Patterson River,Port Phillip  Bay,2019-11-20,surface,8.3,36.0,1.7,210.0,49.0,50.0
1229,Central,Port Phillip  Bay,2019-11-20,surface,8.1,36.0,2.5,200.0,54.0,60.0
1282,Dromana,Port Phillip  Bay,2019-11-20,surface,8.1,36.0,2.1,220.0,41.0,40.0
1911,Corio,Port Phillip  Bay,2019-11-20,surface,8.2,37.0,3.7,260.0,54.0,60.0
1991,Hobsons Bay,Port Phillip  Bay,2019-11-20,surface,8.2,34.0,2.5,280.0,76.0,90.0
939,Patterson River,Port Phillip  Bay,2019-12-16,surface,7.9,36.0,2.7,210.0,33.0,50.0
1229,Central,Port Phillip  Bay,2019-12-16,surface,7.8,36.0,2.8,220.0,54.0,60.0
1282,Dromana,Port Phillip  Bay,2019-12-16,surface,7.9,36.0,1.4,180.0,38.0,40.0
1991,Hobsons Bay,Port Phillip  Bay,2019-12-16,surface,7.5,35.0,0.2,,68.0,70.0
369,Long Reef,Port Phillip  Bay,2019-12-17,surface,8.5,37.0,2.1,270.0,90.0,90.0
1911,Corio,Port Phillip  Bay,2019-12-17,surface,7.7,37.0,19.0,230.0,57.0,70.0
369,Long Reef,Port Phillip  Bay,2020-02-27,surface,7.1,37.0,0.7,260.0,59.0,70.0
1911,Corio,Port Phillip  Bay,2020-02-27,surface,6.9,37.0,3.7,260.0,71.0,90.0
1991,Hobsons Bay,Port Phillip  Bay,2020-02-27,surface,7.7,34.0,1.7,370.0,64.0,100.0
939,Patterson River,Port Phillip  Bay,2020-02-28,surface,7.3,36.0,4.6,240.0,59.0,80.0
1229,Central,Port Phillip  Bay,2020-02-28,surface,7.0,36.0,2.4,260.0,59.0,70.0
1282,Dromana,Port Phillip  Bay,2020-02-28,surface,7.3,36.0,1.6,200.0,34.0,40.0
939,Patterson River,Port Phillip  Bay,2020-03-19,surface,7.4,36.0,2.7,230.0,62.0,80.0
1229,Central,Port Phillip  Bay,2020-03-19,surface,7.4,36.0,2.0,250.0,62.0,70.0
1282,Dromana,Port Phillip  Bay,2020-03-19,surface,7.2,36.0,,200.0,62.0,50.0
1991,Hobsons Bay,Port Phillip  Bay,2020-03-19,surface,7.5,36.0,5.5,230.0,67.0,90.0
1991,Hobsons Bay,Port Phillip  Bay,2020-03-19,surface,7.5,36.0,,,,
369,Long Reef,Port Phillip  Bay,2020-03-20,surface,7.3,37.0,1.1,370.0,110.0,120.0
1911,Corio,Port Phillip  Bay,2020-03-20,surface,7.1,37.0,2.4,280.0,70.0,80.0
369,Long Reef,Port Phillip  Bay,2020-06-04,surface,8.4,36.0,2.7,290.0,74.0,110.0
939,Patterson River,Port Phillip  Bay,2020-06-04,surface,8.4,34.0,9.4,310.0,60.0,100.0
1229,Central,Port Phillip  Bay,2020-06-04,surface,8.4,36.0,1.5,220.0,59.0,70.0
1282,Dromana,Port Phillip  Bay,2020-06-04,surface,8.5,36.0,3.2,210.0,34.0,40.0
1911,Corio,Port Phillip  Bay,2020-06-04,surface,8.2,37.0,2.4,250.0,69.0,80.0
1991,Hobsons Bay,Port Phillip  Bay,2020-06-04,surface,8.3,31.0,7.7,480.0,69.0,100.0
1229,Central,Port Phillip  Bay,2020-06-24,surface,8.5,36.0,1.7,230.0,59.0,70.0
1991,Hobsons Bay,Port Phillip  Bay,2020-06-24,surface,8.3,35.0,2.7,240.0,57.0,80.0
369,Long Reef,Port Phillip  Bay,2020-07-07,surface,8.8,36.0,1.2,290.0,100.0,120.0
369,Long Reef,Port Phillip  Bay,2020-07-07,surface,8.8,36.0,,,,
939,Patterson River,Port Phillip  Bay,2020-07-07,surface,8.7,27.0,3.0,300.0,61.0,80.0
1229,Central,Port Phillip  Bay,2020-07-07,surface,8.5,36.0,4.2,220.0,48.0,70.0
1282,Dromana,Port Phillip  Bay,2020-07-07,surface,8.4,35.0,3.2,200.0,38.0,40.0
1911,Corio,Port Phillip  Bay,2020-07-07,surface,9.1,37.0,2.0,260.0,54.0,70.0
1991,Hobsons Bay,Port Phillip  Bay,2020-07-07,surface,8.4,31.0,6.6,340.0,62.0,80.0
369,Long Reef,Port Phillip  Bay,2020-07-30,surface,9.1,36.0,12.0,290.0,110.0,120.0
939,Patterson River,Port Phillip  Bay,2020-07-30,surface,8.9,35.0,3.2,220.0,55.0,60.0
1229,Central,Port Phillip  Bay,2020-07-30,surface,8.9,36.0,7.6,200.0,59.0,60.0
1282,Dromana,Port Phillip  Bay,2020-07-30,surface,8.8,36.0,2.6,190.0,44.0,50.0
1911,Corio,Port Phillip  Bay,2020-07-30,surface,9.0,37.0,5.8,230.0,73.0,80.0
1991,Hobsons Bay,Port Phillip  Bay,2020-07-30,surface,7.9,36.0,4.8,210.0,60.0,70.0
939,Patterson River,Port Phillip  Bay,2020-10-21,surface,8.4,35.0,7.2,250.0,62.0,70.0
1229,Central,Port Phillip  Bay,2020-10-21,surface,8.2,35.0,1.2,200.0,52.0,60.0
1282,Dromana,Port Phillip  Bay,2020-10-21,surface,8.3,35.0,2.9,190.0,38.0,40.0
369,Long Reef,Port Phillip  Bay,2020-10-22,surface,9.5,36.0,4.6,280.0,110.0,120.0
1911,Corio,Port Phillip  Bay,2020-10-22,surface,8.2,36.0,4.8,240.0,63.0,70.0
1991,Hobsons Bay,Port Phillip  Bay,2020-10-22,surface,8.2,33.0,9.2,420.0,66.0,80.0
369,Long Reef,Port Phillip  Bay,2020-11-25,surface,10.0,35.0,7.6,580.0,270.0,320.0
939,Patterson River,Port Phillip  Bay,2020-11-25,surface,8.2,34.0,3.0,310.0,49.0,70.0
1229,Central,Port Phillip  Bay,2020-11-25,surface,7.9,35.0,2.3,250.0,48.0,60.0
1282,Dromana,Port Phillip  Bay,2020-11-25,surface,8.0,35.0,2.1,230.0,48.0,60.0
1911,Corio,Port Phillip  Bay,2020-11-25,surface,7.8,35.0,4.1,280.0,63.0,80.0
1991,Hobsons Bay,Port Phillip  Bay,2020-11-25,surface,6.8,34.0,4.5,290.0,48.0,70.0
369,Long Reef,Port Phillip  Bay,2020-12-16,surface,7.3,36.0,3.9,290.0,6.0,100.0
1229,Central,Port Phillip  Bay,2020-12-16,surface,7.5,35.0,1.6,260.0,49.0,70.0
1282,Dromana,Port Phillip  Bay,2020-12-16,surface,,,2.8,220.0,42.0,50.0
1911,Corio,Port Phillip  Bay,2020-12-16,surface,7.4,36.0,2.6,240.0,53.0,80.0
1991,Hobsons Bay,Port Phillip  Bay,2020-12-16,surface,7.3,34.0,3.0,300.0,54.0,80.0
369,Long Reef,Port Phillip  Bay,2021-03-03,surface,7.4,36.0,6.7,240.0,65.0,90.0
939,Patterson River,Port Phillip  Bay,2021-03-03,surface,7.1,36.0,3.0,200.0,56.0,80.0
1229,Central,Port Phillip  Bay,2021-03-03,surface,7.0,36.0,3.5,210.0,59.0,80.0
1282,Dromana,Port Phillip  Bay,2021-03-03,surface,7.3,36.0,2.4,180.0,38.0,50.0
1911,Corio,Port Phillip  Bay,2021-03-03,surface,7.1,37.0,5.3,260.0,58.0,80.0
1991,Hobsons Bay,Port Phillip  Bay,2021-03-03,surface,6.9,35.0,5.8,240.0,67.0,110.0
369,Long Reef,Port Phillip  Bay,2021-04-16,surface,7.4,36.0,9.8,160.0,63.0,80.0
939,Patterson River,Port Phillip  Bay,2021-04-16,surface,7.9,35.0,18.0,170.0,54.0,70.0
1229,Central,Port Phillip  Bay,2021-04-16,surface,7.5,36.0,11.0,150.0,60.0,70.0
1282,Dromana,Port Phillip  Bay,2021-04-16,surface,7.7,36.0,27.0,120.0,30.0,40.0
1911,Corio,Port Phillip  Bay,2021-04-16,surface,7.4,37.0,31.0,200.0,66.0,80.0
1991,Hobsons Bay,Port Phillip  Bay,2021-04-16,surface,7.2,35.0,21.0,190.0,63.0,100.0
369,Long Reef,Port Phillip  Bay,2021-05-21,surface,8.7,36.0,3.2,220.0,63.0,100.0
939,Patterson River,Port Phillip  Bay,2021-05-21,surface,8.3,35.0,2.4,220.0,64.0,80.0
1229,Central,Port Phillip  Bay,2021-05-21,surface,8.0,36.0,2.9,180.0,46.0,60.0
1282,Dromana,Port Phillip  Bay,2021-05-21,surface,8.4,35.0,2.7,150.0,47.0,50.0
1911,Corio,Port Phillip  Bay,2021-05-21,surface,8.4,36.0,4.7,240.0,58.0,70.0
1991,Hobsons Bay,Port Phillip  Bay,2021-05-21,surface,8.9,35.0,6.5,240.0,62.0,100.0
369,Long Reef,Port Phillip  Bay,2021-07-06,surface,11.0,36.0,4.1,250.0,69.0,100.0
939,Patterson River,Port Phillip  Bay,2021-07-06,surface,8.4,35.0,2.0,210.0,50.0,60.0
1229,Central,Port Phillip  Bay,2021-07-06,surface,8.6,36.0,3.8,200.0,49.0,70.0
1282,Dromana,Port Phillip  Bay,2021-07-06,surface,8.7,34.0,3.3,210.0,42.0,50.0
1911,Corio,Port Phillip  Bay,2021-07-06,surface,8.6,36.0,1.3,170.0,50.0,50.0
1991,Hobsons Bay,Port Phillip  Bay,2021-07-06,surface,8.6,35.0,5.6,200.0,50.0,60.0
369,Long Reef,Port Phillip  Bay,2021-09-22,surface,8.4,35.0,2.7,230.0,66.0,90.0
939,Patterson River,Port Phillip  Bay,2021-09-22,surface,9.0,34.0,4.0,210.0,44.0,60.0
1229,Central,Port Phillip  Bay,2021-09-22,surface,8.6,35.0,2.1,190.0,41.0,60.0
1282,Dromana,Port Phillip  Bay,2021-09-22,surface,8.7,35.0,1.9,140.0,21.0,20.0
1911,Corio,Port Phillip  Bay,2021-09-22,surface,8.3,36.0,3.1,220.0,49.0,60.0
1991,Hobsons Bay,Port Phillip  Bay,2021-09-22,surface,8.4,34.0,3.7,220.0,41.0,60.0
369,Long Reef,Port Phillip  Bay,2021-10-12,surface,8.2,35.0,2.7,250.0,54.0,60.0
939,Patterson River,Port Phillip  Bay,2021-10-12,surface,8.0,35.0,2.7,210.0,51.0,60.0
1229,Central,Port Phillip  Bay,2021-10-12,surface,8.2,35.0,2.3,200.0,28.0,50.0
1282,Dromana,Port Phillip  Bay,2021-10-12,surface,8.0,35.0,0.7,130.0,30.0,30.0
1911,Corio,Port Phillip  Bay,2021-10-12,surface,8.1,36.0,3.4,310.0,36.0,60.0
1991,Hobsons Bay,Port Phillip  Bay,2021-10-12,surface,8.5,34.0,3.3,290.0,50.0,60.0
369,Long Reef,Port Phillip  Bay,2021-11-05,surface,8.1,35.0,2.8,210.0,92.0,120.0
939,Patterson River,Port Phillip  Bay,2021-11-05,surface,7.8,34.0,4.5,190.0,45.0,70.0
1229,Central,Port Phillip  Bay,2021-11-05,surface,8.1,35.0,1.9,140.0,33.0,60.0
1282,Dromana,Port Phillip  Bay,2021-11-05,surface,8.0,35.0,1.6,150.0,34.0,50.0
1911,Corio,Port Phillip  Bay,2021-11-05,surface,7.7,35.0,2.1,210.0,42.0,60.0
1991,Hobsons Bay,Port Phillip  Bay,2021-11-05,surface,7.2,26.0,2.6,220.0,47.0,70.0
369,Long Reef,Port Phillip  Bay,2021-12-22,surface,7.2,35.0,4.5,140.0,69.0,90.0
939,Patterson River,Port Phillip  Bay,2021-12-22,surface,7.4,34.0,4.6,180.0,49.0,70.0
1229,Central,Port Phillip  Bay,2021-12-22,surface,7.6,35.0,1.5,160.0,45.0,70.0
1282,Dromana,Port Phillip  Bay,2021-12-22,surface,7.7,35.0,5.8,120.0,24.0,40.0
1911,Corio,Port Phillip  Bay,2021-12-22,surface,7.1,36.0,4.1,210.0,49.0,70.0
1991,Hobsons Bay,Port Phillip  Bay,2021-12-22,surface,7.6,33.0,3.8,140.0,50.0,80.0
369,Long Reef,Port Phillip  Bay,2022-01-25,surface,6.9,35.0,7.5,310.0,68.0,100.0
939,Patterson River,Port Phillip  Bay,2022-01-25,surface,7.3,35.0,2.3,250.0,52.0,60.0
1229,Central,Port Phillip  Bay,2022-01-25,surface,7.2,35.0,1.5,190.0,46.0,60.0
1282,Dromana,Port Phillip  Bay,2022-01-25,surface,7.6,35.0,3.2,210.0,40.0,50.0
1911,Corio,Port Phillip  Bay,2022-01-25,surface,7.0,36.0,4.9,310.0,53.0,80.0
1991,Hobsons Bay,Port Phillip  Bay,2022-01-25,surface,6.9,34.0,0.9,240.0,52.0,70.0
1229,Central,Port Phillip  Bay,2022-02-14,surface,7.0,35.0,4.0,190.0,50.0,50.0
369,Long Reef,Port Phillip  Bay,2022-02-15,surface,7.4,35.0,5.7,280.0,84.0,100.0
939,Patterson River,Port Phillip  Bay,2022-02-15,surface,6.9,35.0,3.9,180.0,56.0,60.0
1282,Dromana,Port Phillip  Bay,2022-02-15,surface,6.8,35.0,2.8,140.0,35.0,40.0
1911,Corio,Port Phillip  Bay,2022-02-15,surface,7.0,36.0,3.2,300.0,58.0,70.0
1991,Hobsons Bay,Port Phillip  Bay,2022-02-15,surface,6.8,34.0,4.3,210.0,62.0,70.0
369,Long Reef,Port Phillip  Bay,2022-03-17,surface,7.4,35.0,4.9,300.0,100.0,110.0
939,Patterson River,Port Phillip  Bay,2022-03-17,surface,7.1,35.0,1.3,200.0,53.0,60.0
1229,Central,Port Phillip  Bay,2022-03-17,surface,7.2,35.0,2.3,220.0,48.0,50.0
1282,Dromana,Port Phillip  Bay,2022-03-17,surface,7.2,35.0,2.4,260.0,53.0,60.0
1911,Corio,Port Phillip  Bay,2022-03-17,surface,6.8,36.0,2.3,300.0,65.0,70.0
1991,Hobsons Bay,Port Phillip  Bay,2022-03-17,surface,6.5,34.0,2.4,250.0,60.0,70.0
369,Long Reef,Port Phillip  Bay,2022-04-21,surface,7.4,36.0,5.1,270.0,75.0,110.0
939,Patterson River,Port Phillip  Bay,2022-04-21,surface,7.4,34.0,4.2,230.0,46.0,50.0
1229,Central,Port Phillip  Bay,2022-04-21,surface,7.2,35.0,7.8,240.0,50.0,70.0
1282,Dromana,Port Phillip  Bay,2022-04-21,surface,7.2,35.0,9.0,240.0,36.0,50.0
1911,Corio,Port Phillip  Bay,2022-04-21,surface,7.1,36.0,8.6,350.0,64.0,90.0
1991,Hobsons Bay,Port Phillip  Bay,2022-04-21,surface,7.3,35.0,8.8,350.0,56.0,80.0
369,Long Reef,Port Phillip  Bay,2022-05-24,surface,8.6,36.0,6.3,280.0,120.0,140.0
939,Patterson River,Port Phillip  Bay,2022-05-24,surface,,35.0,5.7,220.0,60.0,70.0
1229,Central,Port Phillip  Bay,2022-05-24,surface,7.7,36.0,5.4,160.0,44.0,40.0
1282,Dromana,Port Phillip  Bay,2022-05-24,surface,8.0,35.0,6.1,180.0,47.0,50.0
1911,Corio,Port Phillip  Bay,2022-05-24,surface,8.0,36.0,6.4,250.0,65.0,80.0
1991,Hobsons Bay,Port Phillip  Bay,2022-05-24,surface,7.6,35.0,6.2,230.0,51.0,80.0
369,Long Reef,Port Phillip  Bay,2022-06-22,surface,8.8,35.0,22.0,330.0,120.0,150.0
939,Patterson River,Port Phillip  Bay,2022-06-22,surface,8.6,35.0,22.0,270.0,57.0,80.0
1229,Central,Port Phillip  Bay,2022-06-22,surface,8.3,35.0,12.0,160.0,34.0,50.0
1282,Dromana,Port Phillip  Bay,2022-06-22,surface,8.6,35.0,6.0,200.0,47.0,60.0
1911,Corio,Port Phillip  Bay,2022-06-22,surface,8.4,36.0,12.0,220.0,56.0,70.0
1991,Hobsons Bay,Port Phillip  Bay,2022-06-22,surface,8.3,35.0,20.0,130.0,67.0,70.0
1229,Central,Port Phillip  Bay,2022-07-21,surface,8.5,35.0,2.8,190.0,48.0,50.0
1991,Hobsons Bay,Port Phillip  Bay,2022-07-21,surface,8.8,36.0,3.0,180.0,53.0,60.0
1282,Dromana,Port Phillip  Bay,2022-07-21,surface,8.6,35.0,2.1,220.0,57.0,60.0
939,Patterson River,Port Phillip  Bay,2022-07-21,surface,8.6,35.0,5.8,180.0,57.0,60.0
1911,Corio,Port Phillip  Bay,2022-07-21,surface,8.3,35.0,6.1,220.0,59.0,60.0
369,Long Reef,Port Phillip  Bay,2022-07-21,surface,8.8,35.0,7.4,320.0,130.0,140.0
1911,Corio,Port Phillip  Bay,2022-08-26,surface,8.8,35.0,2.9,260.0,56.0,60.0
369,Long Reef,Port Phillip  Bay,2022-08-26,surface,8.6,35.0,2.5,250.0,76.0,80.0
1229,Central,Port Phillip  Bay,2022-08-26,surface,8.8,35.0,2.4,230.0,45.0,50.0
1282,Dromana,Port Phillip  Bay,2022-08-26,surface,8.7,35.0,4.5,230.0,38.0,40.0
1991,Hobsons Bay,Port Phillip  Bay,2022-08-26,surface,8.5,34.0,13.0,240.0,47.0,70.0
939,Patterson River,Port Phillip  Bay,2022-08-26,surface,8.8,33.0,3.1,230.0,49.0,70.0
1229,Central,Port Phillip  Bay,2022-10-17,surface,8.3,34.0,6.9,190.0,49.0,50.0
1282,Dromana,Port Phillip  Bay,2022-10-17,surface,7.8,34.0,5.1,220.0,48.0,50.0
1911,Corio,Port Phillip  Bay,2022-10-17,surface,8.5,34.0,4.8,270.0,63.0,70.0
1991,Hobsons Bay,Port Phillip  Bay,2022-10-17,surface,8.9,30.0,36.0,420.0,45.0,50.0
939,Patterson River,Port Phillip  Bay,2022-10-17,surface,7.9,31.0,24.0,370.0,44.0,50.0
369,Long Reef,Port Phillip  Bay,2022-10-17,surface,,,7.7,330.0,100.0,100.0
1229,Central,Port Phillip  Bay,2022-11-18,surface,8.3,33.0,4.1,310.0,48.0,70.0
939,Patterson River,Port Phillip  Bay,2022-11-18,surface,7.5,33.0,3.1,280.0,39.0,60.0
1282,Dromana,Port Phillip  Bay,2022-11-18,surface,7.6,33.0,3.2,240.0,50.0,40.0
1911,Corio,Port Phillip  Bay,2022-11-18,surface,7.7,33.0,3.4,320.0,61.0,80.0
1991,Hobsons Bay,Port Phillip  Bay,2022-11-18,surface,9.4,31.0,11.0,340.0,4.0,80.0
369,Long Reef,Port Phillip  Bay,2022-11-18,surface,7.8,32.0,5.6,680.0,160.0,200.0
1229,Central,Port Phillip  Bay,2022-12-22,surface,7.7,33.0,3.7,310.0,43.0,60.0
1991,Hobsons Bay,Port Phillip  Bay,2022-12-22,surface,7.3,34.0,6.4,410.0,38.0,80.0
1282,Dromana,Port Phillip  Bay,2022-12-22,surface,7.7,33.0,3.9,290.0,38.0,60.0
939,Patterson River,Port Phillip  Bay,2022-12-22,surface,7.6,33.0,5.6,300.0,39.0,60.0
1911,Corio,Port Phillip  Bay,2022-12-22,surface,7.6,32.0,5.4,340.0,51.0,90.0
369,Long Reef,Port Phillip  Bay,2022-12-22,surface,7.8,32.0,4.4,570.0,140.0,200.0
369,Long Reef,Port Phillip  Bay,2023-02-06,surface,7.3,34.0,2.1,290.0,56.0,80.0
1282,Dromana,Port Phillip  Bay,2023-02-06,surface,7.5,34.0,3.3,230.0,30.0,50.0
1229,Central,Port Phillip  Bay,2023-02-06,surface,7.2,34.0,3.8,270.0,41.0,60.0
939,Patterson River,Port Phillip  Bay,2023-02-06,surface,7.3,33.0,5.5,320.0,47.0,70.0
1991,Hobsons Bay,Port Phillip  Bay,2023-02-06,surface,7.2,32.0,4.2,420.0,52.0,80.0
1911,Corio,Port Phillip  Bay,2023-02-06,surface,7.0,34.0,5.8,360.0,62.0,90.0
939,Patterson River,Port Phillip  Bay,2023-03-02,surface,6.8,34.0,3.9,250.0,43.0,60.0
1282,Dromana,Port Phillip  Bay,2023-03-02,surface,7.3,34.0,6.1,280.0,46.0,60.0
1229,Central,Port Phillip  Bay,2023-03-02,surface,7.0,34.0,8.3,210.0,50.0,60.0
369,Long Reef,Port Phillip  Bay,2023-03-02,surface,7.1,35.0,7.5,310.0,70.0,90.0
1991,Hobsons Bay,Port Phillip  Bay,2023-03-02,surface,6.7,33.0,11.0,460.0,61.0,60.0
1911,Corio,Port Phillip  Bay,2023-03-02,surface,6.7,35.0,11.0,310.0,70.0,90.0
1282,Dromana,Port Phillip  Bay,2023-03-27,surface,7.1,34.0,1.0,210.0,47.0,60.0
939,Patterson River,Port Phillip  Bay,2023-03-27,surface,7.3,34.0,1.4,330.0,54.0,90.0
369,Long Reef,Port Phillip  Bay,2023-03-27,surface,7.7,34.0,1.5,350.0,100.0,130.0
1229,Central,Port Phillip  Bay,2023-03-27,surface,7.2,34.0,3.1,230.0,51.0,60.0
1911,Corio,Port Phillip  Bay,2023-03-27,surface,7.0,35.0,3.5,260.0,67.0,90.0
1991,Hobsons Bay,Port Phillip  Bay,2023-03-27,surface,7.1,33.0,3.6,230.0,62.0,60.0
1282,Dromana,Port Phillip  Bay,2023-05-01,surface,7.5,34.0,2.3,240.0,47.0,50.0
369,Long Reef,Port Phillip  Bay,2023-05-01,surface,8.1,34.0,2.2,370.0,150.0,170.0
939,Patterson River,Port Phillip  Bay,2023-05-01,surface,7.4,34.0,2.1,240.0,54.0,70.0
1229,Central,Port Phillip  Bay,2023-05-01,surface,7.6,35.0,2.5,220.0,49.0,60.0
1991,Hobsons Bay,Port Phillip  Bay,2023-05-01,surface,7.9,34.0,3.9,240.0,48.0,60.0
1911,Corio,Port Phillip  Bay,2023-05-01,surface,160.0,,3.6,280.0,67.0,80.0
369,Long Reef,Port Phillip  Bay,2023-06-20,surface,8.8,35.0,1.1,260.0,98.0,110.0
1229,Central,Port Phillip  Bay,2023-06-20,surface,8.6,34.0,2.1,190.0,61.0,70.0
939,Patterson River,Port Phillip  Bay,2023-06-20,surface,8.6,34.0,3.2,200.0,46.0,50.0
1911,Corio,Port Phillip  Bay,2023-06-20,surface,9.2,35.0,2.2,260.0,62.0,70.0
1991,Hobsons Bay,Port Phillip  Bay,2023-06-20,surface,8.6,32.0,2.1,210.0,46.0,60.0
1282,Dromana,Port Phillip  Bay,2023-06-20,surface,9.0,32.0,5.3,200.0,47.0,60.0
369,Long Reef,Port Phillip  Bay,2023-07-26,surface,9.9,34.0,0.9,280.0,110.0,110.0
939,Patterson River,Port Phillip  Bay,2023-07-26,surface,9.4,34.0,1.3,190.0,47.0,50.0
1229,Central,Port Phillip  Bay,2023-07-26,surface,8.9,34.0,1.9,140.0,34.0,40.0
1282,Dromana,Port Phillip  Bay,2023-07-26,surface,9.1,34.0,2.0,190.0,50.0,50.0
1911,Corio,Port Phillip  Bay,2023-07-26,surface,9.2,35.0,3.6,210.0,51.0,70.0
1991,Hobsons Bay,Port Phillip  Bay,2023-07-26,surface,8.8,34.0,2.6,220.0,42.0,60.0
369,Long Reef,Port Phillip  Bay,2023-08-28,surface,9.1,33.0,2.6,400.0,110.0,180.0
939,Patterson River,Port Phillip  Bay,2023-08-28,surface,10.0,17.0,2.4,190.0,34.0,40.0
1229,Central,Port Phillip  Bay,2023-08-28,surface,8.8,34.0,2.1,210.0,41.0,50.0
1282,Dromana,Port Phillip  Bay,2023-08-28,surface,8.7,34.0,4.0,200.0,40.0,50.0
1911,Corio,Port Phillip  Bay,2023-08-28,surface,8.7,35.0,2.2,200.0,45.0,60.0
1991,Hobsons Bay,Port Phillip  Bay,2023-08-28,surface,8.7,34.0,5.9,240.0,59.0,70.0
369,Long Reef,Port Phillip  Bay,2023-10-19,surface,8.8,35.0,3.4,330.0,100.0,120.0
939,Patterson River,Port Phillip  Bay,2023-10-19,surface,11.0,29.0,3.3,330.0,38.0,60.0
1229,Central,Port Phillip  Bay,2023-10-19,surface,8.6,34.0,1.3,220.0,42.0,60.0
1282,Dromana,Port Phillip  Bay,2023-10-19,surface,8.5,34.0,2.3,200.0,40.0,40.0
1911,Corio,Port Phillip  Bay,2023-10-19,surface,8.4,35.0,2.1,270.0,62.0,70.0
1991,Hobsons Bay,Port Phillip  Bay,2023-10-19,surface,8.4,34.0,7.1,300.0,69.0,80.0
369,Long Reef,Port Phillip  Bay,2023-12-07,surface,8.3,35.0,3.8,310.0,81.0,120.0
939,Patterson River,Port Phillip  Bay,2023-12-07,surface,7.9,34.0,9.6,200.0,50.0,60.0
1229,Central,Port Phillip  Bay,2023-12-07,surface,7.7,35.0,2.5,240.0,50.0,60.0
1282,Dromana,Port Phillip  Bay,2023-12-07,surface,7.9,35.0,2.9,200.0,46.0,50.0
1911,Corio,Port Phillip  Bay,2023-12-07,surface,7.2,35.0,2.5,270.0,66.0,80.0
1991,Hobsons Bay,Port Phillip  Bay,2023-12-07,surface,7.6,29.0,6.0,270.0,47.0,70.0
369,Long Reef,Port Phillip  Bay,2024-01-25,surface,7.0,35.0,1.9,300.0,110.0,140.0
939,Patterson River,Port Phillip  Bay,2024-01-25,surface,6.9,34.0,2.7,220.0,42.0,70.0
1229,Central,Port Phillip  Bay,2024-01-25,surface,7.2,34.0,2.5,260.0,44.0,70.0
1282,Dromana,Port Phillip  Bay,2024-01-25,surface,,,2.4,260.0,38.0,70.0
1911,Corio,Port Phillip  Bay,2024-01-25,surface,7.1,36.0,5.1,280.0,53.0,100.0
1991,Hobsons Bay,Port Phillip  Bay,2024-01-25,surface,7.1,33.0,5.4,290.0,50.0,80.0
369,Long Reef,Port Phillip  Bay,2024-03-22,surface,7.2,36.0,2.8,300.0,110.0,150.0
939,Patterson River,Port Phillip  Bay,2024-03-22,surface,7.1,35.0,2.3,250.0,36.0,70.0
1229,Central,Port Phillip  Bay,2024-03-22,surface,7.2,35.0,1.7,220.0,46.0,80.0
1282,Dromana,Port Phillip  Bay,2024-03-22,surface,7.3,35.0,1.6,210.0,31.0,60.0
1911,Corio,Port Phillip  Bay,2024-03-22,surface,7.1,36.0,36.0,270.0,73.0,110.0
1991,Hobsons Bay,Port Phillip  Bay,2024-03-22,surface,6.8,35.0,7.4,260.0,51.0,100.0
369,Long Reef,Port Phillip  Bay,2024-05-16,surface,8.4,35.0,2.8,410.0,100.0,150.0
939,Patterson River,Port Phillip  Bay,2024-05-16,surface,8.2,35.0,1.6,250.0,57.0,80.0
1229,Central,Port Phillip  Bay,2024-05-16,surface,8.1,35.0,1.3,270.0,59.0,80.0
1282,Dromana,Port Phillip  Bay,2024-05-16,surface,8.2,35.0,2.0,210.0,45.0,70.0
1911,Corio,Port Phillip  Bay,2024-05-16,surface,8.5,36.0,2.1,290.0,56.0,100.0
1991,Hobsons Bay,Port Phillip  Bay,2024-05-16,surface,8.0,34.0,8.4,290.0,73.0,100.0